$
$ MERGE_COMMENT_TEXT; Merge
$
BEGIN BULK
GRID*                  1                0.093500004441010.01200000056996
*       0.04250000201864
GRID*                  2                0.023500001116190.03200000151991
*       0.04250000201864
GRID*                  3                0.093500004441010.0319998794496 
*       0.04250000201864
GRID*                  4                0.023500001116190.03200000151991
*       0.04250000201864
GRID*                  5                0.093500004441010.01200000056996
*       0.04250000201864
GRID*                  6                0.023500001116190.01200000056996
*       0.04250000201864
GRID*                  7                0.09350000444101-0.0310000014724
*       0.14250000676838
GRID*                  8                0.09350000444101-0.0310000014724
*       0.1375000065309 
GRID*                  9                0.09350000444101-0.0300002455655
*       0.1375000065309 
GRID*                 10                0.09350000444101-0.0300002455655
*       0.1375000065309 
GRID*                 11                0.09350000444101-0.0100000004749
*       0.1375000065309 
GRID*                 12                0.09350000444101-0.0310000014724
*       0.14250000676838
GRID*                 13                0.09350000444101-0.0100000004749
*       0.1375000065309 
GRID*                 14                0.09350000444101-0.0090000004274
*       0.1375000065309 
GRID*                 15                0.09350000444101-0.0310000014724
*       0.14250000676838
GRID*                 16                0.093500004441010.03300000156741
*       0.14250000676838
GRID*                 17                0.093500004441010.01114526420124
*       0.1375000065309 
GRID*                 18                0.093500004441010.01200000056996
*       0.13749976239026
GRID*                 19                0.093500004441010.03300000156741
*       0.14250000676838
GRID*                 20                0.09350000444101-0.0310000014724
*       0.14250000676838
GRID*                 21                0.09350000444101-0.0090000004274
*       0.1375000065309 
GRID*                 22                0.093500004441010.03300000156741
*       0.14250000676838
GRID*                 23                0.09350000444101-0.0090000004274
*       0.1375000065309 
GRID*                 24                0.093500004441010.01114526420124
*       0.1375000065309 
GRID*                 25                0.093500004441010.01200000056996
*       0.13749976239026
GRID*                 26                0.093500004441010.03200000151991
*       0.1375000065309 
GRID*                 27                0.093500004441010.03300000156741
*       0.14250000676838
GRID*                 28                0.093500004441010.03300000156741
*       0.14250000676838
GRID*                 29                0.093500004441010.03200000151991
*       0.1375000065309 
GRID*                 30                0.093500004441010.03300000156741
*       0.13750025067153
GRID*                 31                0.09350000444101-0.0099998784046
*       0.04250696002678
GRID*                 32                0.09350000444101-0.0300002455655
*       0.1375000065309 
GRID*                 33                0.09350000444101-0.0300000014249
*       0.04250000201864
GRID*                 34                0.09350000444101-0.0300002455655
*       0.1375000065309 
GRID*                 35                0.09350000444101-0.0099998784046
*       0.04250696002678
GRID*                 36                0.09350000444101-0.0100000004749
*       0.1375000065309 
GRID*                 37                0.09350000444101-0.0090000004274
*       0.1375000065309 
GRID*                 38                0.09349365678446-0.0090000004274
*       0.04250000201864
GRID*                 39                0.093500004441010.01100000052247
*       0.04250000201864
GRID*                 40                0.093500004441010.01100000052247
*       0.04250000201864
GRID*                 41                0.093500004441010.01114526420124
*       0.1375000065309 
GRID*                 42                0.09350000444101-0.0090000004274
*       0.1375000065309 
GRID*                 43                0.093500004441010.0319998794496 
*       0.04250000201864
GRID*                 44                0.093500004441010.01200000056996
*       0.13749976239026
GRID*                 45                0.093500004441010.01200000056996
*       0.04250000201864
GRID*                 46                0.093500004441010.01200000056996
*       0.13749976239026
GRID*                 47                0.093500004441010.0319998794496 
*       0.04250000201864
GRID*                 48                0.093500004441010.03200000151991
*       0.1375000065309 
GRID*                 49                0.02350000111619-0.0310000014724
*       0.14250000676838
GRID*                 50                0.02350000111619-0.0300000014249
*       0.1375000065309 
GRID*                 51                0.02350000111619-0.0310000014724
*       0.1375000065309 
GRID*                 52                0.02350000111619-0.0300000014249
*       0.04250000201864
GRID*                 53                0.02350000111619-0.0100000004749
*       0.13747998699869
GRID*                 54                0.02351696889043-0.0100000004749
*       0.04250000201864
GRID*                 55                0.02350000111619-0.0100000004749
*       0.13747998699869
GRID*                 56                0.02350000111619-0.0300000014249
*       0.04250000201864
GRID*                 57                0.02350000111619-0.0300000014249
*       0.1375000065309 
GRID*                 58                0.02350000111619-0.0300000014249
*       0.1375000065309 
GRID*                 59                0.02350000111619-0.0310000014724
*       0.14250000676838
GRID*                 60                0.02350000111619-0.0100000004749
*       0.13747998699869
GRID*                 61                0.02350000111619-0.0090000004274
*       0.1375000065309 
GRID*                 62                0.02350000111619-0.0100000004749
*       0.13747998699869
GRID*                 63                0.02350000111619-0.0310000014724
*       0.14250000676838
GRID*                 64                0.023500001116190.01123474174455
*       0.1375000065309 
GRID*                 65                0.023500001116190.01100000052247
*       0.04250000201864
GRID*                 66                0.02350000111619-0.0090001224977
*       0.04250647174551
GRID*                 67                0.02350000111619-0.0090001224977
*       0.04250647174551
GRID*                 68                0.02350000111619-0.0090000004274
*       0.1375000065309 
GRID*                 69                0.023500001116190.01123474174455
*       0.1375000065309 
GRID*                 70                0.023500001116190.01123474174455
*       0.1375000065309 
GRID*                 71                0.02350000111619-0.0090000004274
*       0.1375000065309 
GRID*                 72                0.02350000111619-0.0310000014724
*       0.14250000676838
GRID*                 73                0.023500001116190.01200000056996
*       0.04250000201864
GRID*                 74                0.023500001116190.03200000151991
*       0.13749976239026
GRID*                 75                0.023500001116190.03200000151991
*       0.04250000201864
GRID*                 76                0.023500001116190.03200000151991
*       0.13749976239026
GRID*                 77                0.023500001116190.01200000056996
*       0.04250000201864
GRID*                 78                0.023500001116190.01200000056996
*       0.1375000065309 
GRID*                 79                0.023500001116190.03300000156741
*       0.14250000676838
GRID*                 80                0.023500001116190.01200000056996
*       0.1375000065309 
GRID*                 81                0.023500001116190.01123474174455
*       0.1375000065309 
GRID*                 82                0.023500001116190.03300000156741
*       0.14250000676838
GRID*                 83                0.023514161273110.03300000156741
*       0.1375000065309 
GRID*                 84                0.023500001116190.03200000151991
*       0.13749976239026
GRID*                 85                0.023500001116190.01200000056996
*       0.1375000065309 
GRID*                 86                0.023500001116190.03300000156741
*       0.14250000676838
GRID*                 87                0.023500001116190.03200000151991
*       0.13749976239026
GRID*                 88                0.023500001116190.03300000156741
*       0.14250000676838
GRID*                 89                0.023500001116190.01123474174455
*       0.1375000065309 
GRID*                 90                0.02350000111619-0.0310000014724
*       0.14250000676838
GRID*                 91                0.093500004441010.03300000156741
*       0.14250000676838
GRID*                 92                0.023500001116190.03300000156741
*       0.14250000676838
GRID*                 93                0.02350000111619-0.0310000014724
*       0.14250000676838
GRID*                 94                0.093500004441010.03300000156741
*       0.14250000676838
GRID*                 95                0.02350000111619-0.0310000014724
*       0.14250000676838
GRID*                 96                0.09350000444101-0.0310000014724
*       0.14250000676838
GRID*                 97                0.09350000444101-0.0310000014724
*       0.14250000676838
GRID*                 98                0.02350000111619-0.0310000014724
*       0.1375000065309 
GRID*                 99                0.09350000444101-0.0310000014724
*       0.1375000065309 
GRID*                100                0.02350000111619-0.0310000014724
*       0.1375000065309 
GRID*                101                0.09350000444101-0.0310000014724
*       0.14250000676838
GRID*                102                0.02350000111619-0.0310000014724
*       0.14250000676838
GRID*                103                0.02850000135367-0.0294174818660
*       0.1375000065309 
GRID*                104                0.02850000135367-0.0105825200338
*       0.1375000065309 
GRID*                105                0.08850000420352-0.0105825200338
*       0.1375000065309 
GRID*                106                0.08850000420352-0.0105825200338
*       0.1375000065309 
GRID*                107                0.08850000420352-0.0294174818660
*       0.1375000065309 
GRID*                108                0.02850000135367-0.0294174818660
*       0.1375000065309 
GRID*                109                0.02850000135367-0.0084174808685
*       0.1375000065309 
GRID*                110                0.028500001353670.01041748096355
*       0.1375000065309 
GRID*                111                0.088500004203520.01041748096355
*       0.1375000065309 
GRID*                112                0.088500004203520.01041748096355
*       0.1375000065309 
GRID*                113                0.08850000420352-0.0084174808685
*       0.1375000065309 
GRID*                114                0.02850000135367-0.0084174808685
*       0.1375000065309 
GRID*                115                0.028500001353670.01258252012888
*       0.1375000065309 
GRID*                116                0.028500001353670.031417481961  
*       0.1375000065309 
GRID*                117                0.088500004203520.031417481961  
*       0.1375000065309 
GRID*                118                0.088500004203520.031417481961  
*       0.1375000065309 
GRID*                119                0.088500004203520.01258252012888
*       0.1375000065309 
GRID*                120                0.028500001353670.01258252012888
*       0.1375000065309 
GRID*                121                0.09350000444101-0.0300000014249
*       0.04250000201864
GRID*                122                0.02351696889043-0.0100000004749
*       0.04250000201864
GRID*                123                0.09350000444101-0.0099998784046
*       0.04250696002678
GRID*                124                0.02351696889043-0.0100000004749
*       0.04250000201864
GRID*                125                0.09350000444101-0.0300000014249
*       0.04250000201864
GRID*                126                0.02350000111619-0.0300000014249
*       0.04250000201864
GRID*                127                0.050099611754600.01100000052247
*       0.04250000201864
GRID*                128                0.093500004441010.01100000052247
*       0.04250000201864
GRID*                129                0.09349365678446-0.0090000004274
*       0.04250000201864
GRID*                130                0.050099611754600.01100000052247
*       0.04250000201864
GRID*                131                0.09349365678446-0.0090000004274
*       0.04250000201864
GRID*                132                0.023500001116190.01100000052247
*       0.04250000201864
GRID*                133                0.023500001116190.01100000052247
*       0.04250000201864
GRID*                134                0.09349365678446-0.0090000004274
*       0.04250000201864
GRID*                135                0.02350000111619-0.0090001224977
*       0.04250647174551
GRID*                136                0.028500001353670.03169995267754
*       0.04750000225612
GRID*                137                0.028500001353670.031417481961  
*       0.1375000065309 
GRID*                138                0.028500001353670.01258252012888
*       0.1375000065309 
GRID*                139                0.028500001353670.03169995267754
*       0.04750000225612
GRID*                140                0.028714478902920.01200000056996
*       0.13072852183427
GRID*                141                0.028500001353670.01230004941234
*       0.04750000225612
GRID*                142                0.028500001353670.01258252012888
*       0.1375000065309 
GRID*                143                0.028714478902920.01200000056996
*       0.13072852183427
GRID*                144                0.028500001353670.03169995267754
*       0.04750000225612
GRID*                145                0.028500001353670.01230004941234
*       0.04750000225612
GRID*                146                0.088500004203520.03169995267754
*       0.04750000225612
GRID*                147                0.028500001353670.03169995267754
*       0.04750000225612
GRID*                148                0.088500004203520.03169995267754
*       0.04750000225612
GRID*                149                0.028500001353670.01230004941234
*       0.04750000225612
GRID*                150                0.088500004203520.01230004941234
*       0.04750000225612
GRID*                151                0.088500004203520.031417481961  
*       0.1375000065309 
GRID*                152                0.088500004203520.03169995267754
*       0.04750000225612
GRID*                153                0.088500004203520.01230004941234
*       0.04750000225612
GRID*                154                0.088500004203520.031417481961  
*       0.1375000065309 
GRID*                155                0.088500004203520.01230004941234
*       0.04750000225612
GRID*                156                0.088500004203520.01258252012888
*       0.1375000065309 
GRID*                157                0.02850000135367-0.0084174808685
*       0.1375000065309 
GRID*                158                0.028500001353670.01069995168009
*       0.04750000225612
GRID*                159                0.028500001353670.01041748096355
*       0.1375000065309 
GRID*                160                0.028500001353670.01069995168009
*       0.04750000225612
GRID*                161                0.02850000135367-0.0084174808685
*       0.1375000065309 
GRID*                162                0.02871447890292-0.0090000004274
*       0.13072852183427
GRID*                163                0.02871447890292-0.0090000004274
*       0.13072852183427
GRID*                164                0.02850000135367-0.0086999515851
*       0.04750000225612
GRID*                165                0.028500001353670.01069995168009
*       0.04750000225612
GRID*                166                0.02850000135367-0.0294174818660
*       0.1375000065309 
GRID*                167                0.02850000135367-0.0103000493173
*       0.04750000225612
GRID*                168                0.02850000135367-0.0105825200338
*       0.1375000065309 
GRID*                169                0.02850000135367-0.0294174818660
*       0.1375000065309 
GRID*                170                0.02850000135367-0.0294089369437
*       0.13483985015454
GRID*                171                0.02850000135367-0.0103000493173
*       0.04750000225612
GRID*                172                0.02850000135367-0.0103000493173
*       0.04750000225612
GRID*                173                0.02850000135367-0.0294089369437
*       0.13483985015454
GRID*                174                0.02850000135367-0.0296999525825
*       0.04750000225612
GRID*                175                0.08850000420352-0.0297043471140
*       0.04883008044430
GRID*                176                0.08850000420352-0.0105825200338
*       0.1375000065309 
GRID*                177                0.08850000420352-0.0103000493173
*       0.04750000225612
GRID*                178                0.08850000420352-0.0297043471140
*       0.04883008044430
GRID*                179                0.08850000420352-0.0103000493173
*       0.04750000225612
GRID*                180                0.08850000420352-0.0296999525825
*       0.04750000225612
GRID*                181                0.08850000420352-0.0105825200338
*       0.1375000065309 
GRID*                182                0.08819995536114-0.0300000014249
*       0.13030713509550
GRID*                183                0.08850000420352-0.0294174818660
*       0.1375000065309 
GRID*                184                0.08850000420352-0.0105825200338
*       0.1375000065309 
GRID*                185                0.08850000420352-0.0297043471140
*       0.04883008044430
GRID*                186                0.08819995536114-0.0300000014249
*       0.13030713509550
GRID*                187                0.08850000420352-0.0086999515851
*       0.04750000225612
GRID*                188                0.088500004203520.01041748096355
*       0.1375000065309 
GRID*                189                0.088500004203520.01069995168009
*       0.04750000225612
GRID*                190                0.08850000420352-0.0086999515851
*       0.04750000225612
GRID*                191                0.08850000420352-0.0084174808685
*       0.1375000065309 
GRID*                192                0.088500004203520.01041748096355
*       0.1375000065309 
GRID*                193                0.02850000135367-0.0296999525825
*       0.04750000225612
GRID*                194                0.08850000420352-0.0103000493173
*       0.04750000225612
GRID*                195                0.02850000135367-0.0103000493173
*       0.04750000225612
GRID*                196                0.08850000420352-0.0103000493173
*       0.04750000225612
GRID*                197                0.02850000135367-0.0296999525825
*       0.04750000225612
GRID*                198                0.08850000420352-0.0296999525825
*       0.04750000225612
GRID*                199                0.02850000135367-0.0086999515851
*       0.04750000225612
GRID*                200                0.088500004203520.01069995168009
*       0.04750000225612
GRID*                201                0.028500001353670.01069995168009
*       0.04750000225612
GRID*                202                0.088500004203520.01069995168009
*       0.04750000225612
GRID*                203                0.02850000135367-0.0086999515851
*       0.04750000225612
GRID*                204                0.08850000420352-0.0086999515851
*       0.04750000225612
GRID*                205                0.093500004441010.03300000156741
*       0.14250000676838
GRID*                206                0.093500004441010.03300000156741
*       0.13750025067153
GRID*                207                0.023514161273110.03300000156741
*       0.1375000065309 
GRID*                208                0.023514161273110.03300000156741
*       0.1375000065309 
GRID*                209                0.023500001116190.03300000156741
*       0.14250000676838
GRID*                210                0.093500004441010.03300000156741
*       0.14250000676838
GRID*                211                0.02850000135367-0.0294174818660
*       0.1375000065309 
GRID*                212                0.08850000420352-0.0294174818660
*       0.1375000065309 
GRID*                213                0.08819995536114-0.0300000014249
*       0.13719995768852
GRID*                214                0.02880005019605-0.0300000014249
*       0.13719995768852
GRID*                215                0.02880005019605-0.0300000014249
*       0.04969287345403
GRID*                216                0.02850000135367-0.0294089369437
*       0.13483985015454
GRID*                217                0.02850000135367-0.0296999525825
*       0.04750000225612
GRID*                218                0.02850000135367-0.0294089369437
*       0.13483985015454
GRID*                219                0.02880005019605-0.0300000014249
*       0.04969287345403
GRID*                220                0.02850000135367-0.0294089369437
*       0.13483985015454
GRID*                221                0.02850000135367-0.0294174818660
*       0.1375000065309 
GRID*                222                0.02880005019605-0.0300000014249
*       0.13719995768852
GRID*                223                0.08850000420352-0.0297043471140
*       0.04883008044430
GRID*                224                0.08850000420352-0.0296999525825
*       0.04750000225612
GRID*                225                0.08819995536114-0.0300000014249
*       0.04780005109850
GRID*                226                0.08819995536114-0.0300000014249
*       0.04780005109850
GRID*                227                0.08819995536114-0.0300000014249
*       0.13030713509550
GRID*                228                0.08850000420352-0.0297043471140
*       0.04883008044430
GRID*                229                0.02880005019605-0.0300000014249
*       0.04969287345403
GRID*                230                0.02880005019605-0.0300000014249
*       0.04780005109850
GRID*                231                0.02850000135367-0.0296999525825
*       0.04750000225612
GRID*                232                0.02880005019605-0.0300000014249
*       0.04780005109850
GRID*                233                0.08819995536114-0.0300000014249
*       0.04780005109850
GRID*                234                0.02850000135367-0.0296999525825
*       0.04750000225612
GRID*                235                0.08850000420352-0.0296999525825
*       0.04750000225612
GRID*                236                0.02850000135367-0.0296999525825
*       0.04750000225612
GRID*                237                0.08819995536114-0.0300000014249
*       0.04780005109850
GRID*                238                0.08819995536114-0.0300000014249
*       0.13030713509550
GRID*                239                0.08819995536114-0.0300000014249
*       0.13719995768852
GRID*                240                0.08850000420352-0.0294174818660
*       0.1375000065309 
GRID*                241                0.08819995536114-0.0300000014249
*       0.13719995768852
GRID*                242                0.02880005019605-0.0300000014249
*       0.13719995768852
GRID*                243                0.02850000135367-0.0294174818660
*       0.1375000065309 
GRID*                244                0.028692140034670.03200000151991
*       0.05031543207735
GRID*                245                0.028741212302630.03200000151991
*       0.13094336559447
GRID*                246                0.028500001353670.03169995267754
*       0.04750000225612
GRID*                247                0.028500001353670.031417481961  
*       0.1375000065309 
GRID*                248                0.028500001353670.03169995267754
*       0.04750000225612
GRID*                249                0.028741212302630.03200000151991
*       0.13094336559447
GRID*                250                0.028800050196050.03200000151991
*       0.04770935285201
GRID*                251                0.028692140034670.03200000151991
*       0.05031543207735
GRID*                252                0.028500001353670.03169995267754
*       0.04750000225612
GRID*                253                0.088307865522520.03200000151991
*       0.05031543207735
GRID*                254                0.088199955361140.03200000151991
*       0.04770935285201
GRID*                255                0.088500004203520.03169995267754
*       0.04750000225612
GRID*                256                0.088199955361140.03200000151991
*       0.04770935285201
GRID*                257                0.028800050196050.03200000151991
*       0.04770935285201
GRID*                258                0.088500004203520.03169995267754
*       0.04750000225612
GRID*                259                0.028500001353670.03169995267754
*       0.04750000225612
GRID*                260                0.088500004203520.03169995267754
*       0.04750000225612
GRID*                261                0.028800050196050.03200000151991
*       0.04770935285201
GRID*                262                0.028741212302630.03200000151991
*       0.13094336559447
GRID*                263                0.028800050196050.03200000151991
*       0.13720581706380
GRID*                264                0.028500001353670.031417481961  
*       0.1375000065309 
GRID*                265                0.088199955361140.03200000151991
*       0.13720581706380
GRID*                266                0.088285526654270.03200000151991
*       0.13072852183427
GRID*                267                0.088500004203520.031417481961  
*       0.1375000065309 
GRID*                268                0.028800050196050.03200000151991
*       0.13720581706380
GRID*                269                0.088199955361140.03200000151991
*       0.13720581706380
GRID*                270                0.028500001353670.031417481961  
*       0.1375000065309 
GRID*                271                0.088500004203520.031417481961  
*       0.1375000065309 
GRID*                272                0.028500001353670.031417481961  
*       0.1375000065309 
GRID*                273                0.088199955361140.03200000151991
*       0.13720581706380
GRID*                274                0.088285526654270.03200000151991
*       0.13072852183427
GRID*                275                0.088332279586180.03200000151991
*       0.13008569953811
GRID*                276                0.088500004203520.031417481961  
*       0.1375000065309 
GRID*                277                0.088332279586180.03200000151991
*       0.13008569953811
GRID*                278                0.088307865522520.03200000151991
*       0.05031543207735
GRID*                279                0.088500004203520.031417481961  
*       0.1375000065309 
GRID*                280                0.088500004203520.03169995267754
*       0.04750000225612
GRID*                281                0.088500004203520.031417481961  
*       0.1375000065309 
GRID*                282                0.088307865522520.03200000151991
*       0.05031543207735
GRID*                283                0.028500001353670.01230004941234
*       0.04750000225612
GRID*                284                0.028714478902920.01200000056996
*       0.13072852183427
GRID*                285                0.028692140034670.01200000056996
*       0.05031543207735
GRID*                286                0.028692140034670.01100000052247
*       0.05031543207735
GRID*                287                0.028741212302630.01100000052247
*       0.13094336559447
GRID*                288                0.028500001353670.01069995168009
*       0.04750000225612
GRID*                289                0.028500001353670.01041748096355
*       0.1375000065309 
GRID*                290                0.028500001353670.01069995168009
*       0.04750000225612
GRID*                291                0.028741212302630.01100000052247
*       0.13094336559447
GRID*                292                0.088199955361140.01100000052247
*       0.13720581706380
GRID*                293                0.088285526654270.01100000052247
*       0.13072852183427
GRID*                294                0.088500004203520.01041748096355
*       0.1375000065309 
GRID*                295                0.028800050196050.01100000052247
*       0.13720581706380
GRID*                296                0.088199955361140.01100000052247
*       0.13720581706380
GRID*                297                0.028500001353670.01041748096355
*       0.1375000065309 
GRID*                298                0.088500004203520.01041748096355
*       0.1375000065309 
GRID*                299                0.028500001353670.01041748096355
*       0.1375000065309 
GRID*                300                0.088199955361140.01100000052247
*       0.13720581706380
GRID*                301                0.028741212302630.01100000052247
*       0.13094336559447
GRID*                302                0.028800050196050.01100000052247
*       0.13720581706380
GRID*                303                0.028500001353670.01041748096355
*       0.1375000065309 
GRID*                304                0.088285526654270.01100000052247
*       0.13072852183427
GRID*                305                0.088332279586180.01100000052247
*       0.13008569953811
GRID*                306                0.088500004203520.01041748096355
*       0.1375000065309 
GRID*                307                0.088332279586180.01100000052247
*       0.13008569953811
GRID*                308                0.088307865522520.01100000052247
*       0.05031543207735
GRID*                309                0.088500004203520.01041748096355
*       0.1375000065309 
GRID*                310                0.088500004203520.01069995168009
*       0.04750000225612
GRID*                311                0.088500004203520.01041748096355
*       0.1375000065309 
GRID*                312                0.088307865522520.01100000052247
*       0.05031543207735
GRID*                313                0.028800050196050.01200000056996
*       0.13720581706380
GRID*                314                0.028714478902920.01200000056996
*       0.13072852183427
GRID*                315                0.028500001353670.01258252012888
*       0.1375000065309 
GRID*                316                0.088258793254560.01200000056996
*       0.13094336559447
GRID*                317                0.088199955361140.01200000056996
*       0.13720581706380
GRID*                318                0.088500004203520.01258252012888
*       0.1375000065309 
GRID*                319                0.088199955361140.01200000056996
*       0.13720581706380
GRID*                320                0.028800050196050.01200000056996
*       0.13720581706380
GRID*                321                0.088500004203520.01258252012888
*       0.1375000065309 
GRID*                322                0.028500001353670.01258252012888
*       0.1375000065309 
GRID*                323                0.088500004203520.01258252012888
*       0.1375000065309 
GRID*                324                0.028800050196050.01200000056996
*       0.13720581706380
GRID*                325                0.088307865522520.01200000056996
*       0.05031543207735
GRID*                326                0.088258793254560.01200000056996
*       0.13094336559447
GRID*                327                0.088500004203520.01230004941234
*       0.04750000225612
GRID*                328                0.088500004203520.01258252012888
*       0.1375000065309 
GRID*                329                0.088500004203520.01230004941234
*       0.04750000225612
GRID*                330                0.088258793254560.01200000056996
*       0.13094336559447
GRID*                331                0.088307865522520.01100000052247
*       0.05031543207735
GRID*                332                0.088199955361140.01100000052247
*       0.04770935285201
GRID*                333                0.088500004203520.01069995168009
*       0.04750000225612
GRID*                334                0.028800050196050.01100000052247
*       0.04770935285201
GRID*                335                0.028692140034670.01100000052247
*       0.05031543207735
GRID*                336                0.028500001353670.01069995168009
*       0.04750000225612
GRID*                337                0.088199955361140.01100000052247
*       0.04770935285201
GRID*                338                0.028800050196050.01100000052247
*       0.04770935285201
GRID*                339                0.088500004203520.01069995168009
*       0.04750000225612
GRID*                340                0.028500001353670.01069995168009
*       0.04750000225612
GRID*                341                0.088500004203520.01069995168009
*       0.04750000225612
GRID*                342                0.028800050196050.01100000052247
*       0.04770935285201
GRID*                343                0.028692140034670.01200000056996
*       0.05031543207735
GRID*                344                0.028800050196050.01200000056996
*       0.04770935285201
GRID*                345                0.028500001353670.01230004941234
*       0.04750000225612
GRID*                346                0.088199955361140.01200000056996
*       0.04770935285201
GRID*                347                0.088307865522520.01200000056996
*       0.05031543207735
GRID*                348                0.088500004203520.01230004941234
*       0.04750000225612
GRID*                349                0.028800050196050.01200000056996
*       0.04770935285201
GRID*                350                0.088199955361140.01200000056996
*       0.04770935285201
GRID*                351                0.028500001353670.01230004941234
*       0.04750000225612
GRID*                352                0.088500004203520.01230004941234
*       0.04750000225612
GRID*                353                0.028500001353670.01230004941234
*       0.04750000225612
GRID*                354                0.088199955361140.01200000056996
*       0.04770935285201
GRID*                355                0.02880005019605-0.0100000004749
*       0.04770935285201
GRID*                356                0.02869214003467-0.0100000004749
*       0.05031543207735
GRID*                357                0.02850000135367-0.0103000493173
*       0.04750000225612
GRID*                358                0.02850000135367-0.0105825200338
*       0.1375000065309 
GRID*                359                0.02850000135367-0.0103000493173
*       0.04750000225612
GRID*                360                0.02874121230263-0.0100000004749
*       0.13094336559447
GRID*                361                0.02869214003467-0.0100000004749
*       0.05031543207735
GRID*                362                0.02874121230263-0.0100000004749
*       0.13094336559447
GRID*                363                0.02850000135367-0.0103000493173
*       0.04750000225612
GRID*                364                0.02874121230263-0.0100000004749
*       0.13094336559447
GRID*                365                0.02880005019605-0.0100000004749
*       0.13720581706380
GRID*                366                0.02850000135367-0.0105825200338
*       0.1375000065309 
GRID*                367                0.02850000135367-0.0086999515851
*       0.04750000225612
GRID*                368                0.02871447890292-0.0090000004274
*       0.13072852183427
GRID*                369                0.02869214003467-0.0090000004274
*       0.05031543207735
GRID*                370                0.02869214003467-0.0090000004274
*       0.05031543207735
GRID*                371                0.02880005019605-0.0090000004274
*       0.04770935285201
GRID*                372                0.02850000135367-0.0086999515851
*       0.04750000225612
GRID*                373                0.02880005019605-0.0090000004274
*       0.13720581706380
GRID*                374                0.02871447890292-0.0090000004274
*       0.13072852183427
GRID*                375                0.02850000135367-0.0084174808685
*       0.1375000065309 
GRID*                376                0.02850000135367-0.0103000493173
*       0.04750000225612
GRID*                377                0.08850000420352-0.0103000493173
*       0.04750000225612
GRID*                378                0.02880005019605-0.0100000004749
*       0.04770935285201
GRID*                379                0.08819995536114-0.0100000004749
*       0.04770935285201
GRID*                380                0.02880005019605-0.0100000004749
*       0.04770935285201
GRID*                381                0.08850000420352-0.0103000493173
*       0.04750000225612
GRID*                382                0.08850000420352-0.0086999515851
*       0.04750000225612
GRID*                383                0.02850000135367-0.0086999515851
*       0.04750000225612
GRID*                384                0.08819995536114-0.0090000004274
*       0.04770935285201
GRID*                385                0.02880005019605-0.0090000004274
*       0.04770935285201
GRID*                386                0.08819995536114-0.0090000004274
*       0.04770935285201
GRID*                387                0.02850000135367-0.0086999515851
*       0.04750000225612
GRID*                388                0.08850000420352-0.0105825200338
*       0.1375000065309 
GRID*                389                0.02850000135367-0.0105825200338
*       0.1375000065309 
GRID*                390                0.08819995536114-0.0100000004749
*       0.13720581706380
GRID*                391                0.02880005019605-0.0100000004749
*       0.13720581706380
GRID*                392                0.08819995536114-0.0100000004749
*       0.13720581706380
GRID*                393                0.02850000135367-0.0105825200338
*       0.1375000065309 
GRID*                394                0.08850000420352-0.0103000493173
*       0.04750000225612
GRID*                395                0.08850000420352-0.0105825200338
*       0.1375000065309 
GRID*                396                0.08830786552252-0.0100000004749
*       0.05031543207735
GRID*                397                0.08833227958618-0.0100000004749
*       0.13008569953811
GRID*                398                0.08830786552252-0.0100000004749
*       0.05031543207735
GRID*                399                0.08850000420352-0.0105825200338
*       0.1375000065309 
GRID*                400                0.08828552665427-0.0100000004749
*       0.13072852183427
GRID*                401                0.08833227958618-0.0100000004749
*       0.13008569953811
GRID*                402                0.08850000420352-0.0105825200338
*       0.1375000065309 
GRID*                403                0.08819995536114-0.0100000004749
*       0.13720581706380
GRID*                404                0.08828552665427-0.0100000004749
*       0.13072852183427
GRID*                405                0.08850000420352-0.0105825200338
*       0.1375000065309 
GRID*                406                0.08830786552252-0.0100000004749
*       0.05031543207735
GRID*                407                0.08819995536114-0.0100000004749
*       0.04770935285201
GRID*                408                0.08850000420352-0.0103000493173
*       0.04750000225612
GRID*                409                0.08850000420352-0.0084174808685
*       0.1375000065309 
GRID*                410                0.08850000420352-0.0086999515851
*       0.04750000225612
GRID*                411                0.08825879325456-0.0090000004274
*       0.13094336559447
GRID*                412                0.08830786552252-0.0090000004274
*       0.05031543207735
GRID*                413                0.08825879325456-0.0090000004274
*       0.13094336559447
GRID*                414                0.08850000420352-0.0086999515851
*       0.04750000225612
GRID*                415                0.08819995536114-0.0090000004274
*       0.04770935285201
GRID*                416                0.08830786552252-0.0090000004274
*       0.05031543207735
GRID*                417                0.08850000420352-0.0086999515851
*       0.04750000225612
GRID*                418                0.08825879325456-0.0090000004274
*       0.13094336559447
GRID*                419                0.08819995536114-0.0090000004274
*       0.13720581706380
GRID*                420                0.08850000420352-0.0084174808685
*       0.1375000065309 
GRID*                421                0.02850000135367-0.0084174808685
*       0.1375000065309 
GRID*                422                0.08850000420352-0.0084174808685
*       0.1375000065309 
GRID*                423                0.02880005019605-0.0090000004274
*       0.13720581706380
GRID*                424                0.08819995536114-0.0090000004274
*       0.13720581706380
GRID*                425                0.02880005019605-0.0090000004274
*       0.13720581706380
GRID*                426                0.08850000420352-0.0084174808685
*       0.1375000065309 
GRID*                427                0.093500004441010.0319998794496 
*       0.04250000201864
GRID*                428                0.093500004441010.03300000156741
*       0.13750025067153
GRID*                429                0.093500004441010.03200000151991
*       0.1375000065309 
GRID*                430                0.093500004441010.0319998794496 
*       0.04250000201864
GRID*                431                0.093500004441010.03300000156741
*       0.04250000201864
GRID*                432                0.093500004441010.03300000156741
*       0.13750025067153
GRID*                433                0.093500004441010.0319998794496 
*       0.04250000201864
GRID*                434                0.023500001116190.03200000151991
*       0.04250000201864
GRID*                435                0.093500004441010.03300000156741
*       0.04250000201864
GRID*                436                0.023500001116190.03200000151991
*       0.04250000201864
GRID*                437                0.023500001116190.03300000156741
*       0.04250000201864
GRID*                438                0.093500004441010.03300000156741
*       0.04250000201864
GRID*                439                0.023500001116190.03200000151991
*       0.13749976239026
GRID*                440                0.023500001116190.03300000156741
*       0.04250000201864
GRID*                441                0.023500001116190.03200000151991
*       0.04250000201864
GRID*                442                0.023500001116190.03200000151991
*       0.13749976239026
GRID*                443                0.023514161273110.03300000156741
*       0.1375000065309 
GRID*                444                0.023500001116190.03300000156741
*       0.04250000201864
GRID*                445                0.059457278214690.03200000151991
*       0.09638379364048
GRID*                446                0.057542727342500.03200000151991
*       0.09638379364048
GRID*                447                0.058500002778600.03300000156741
*       0.09650000458350
GRID*                448                0.059457278214690.03200000151991
*       0.09638379364048
GRID*                449                0.058500002778600.03300000156741
*       0.09650000458350
GRID*                450                0.060358889585640.03300000156741
*       0.09604187467893
GRID*                451                0.061152468724890.03200000151991
*       0.09549402309041
GRID*                452                0.060358889585640.03300000156741
*       0.09604187467893
GRID*                453                0.061152468724890.03300000156741
*       0.09549402309041
GRID*                454                0.061152468724890.03200000151991
*       0.09549402309041
GRID*                455                0.059457278214690.03200000151991
*       0.09638379364048
GRID*                456                0.060358889585640.03300000156741
*       0.09604187467893
GRID*                457                0.061791995122460.03200000151991
*       0.09477222129831
GRID*                458                0.061152468724890.03300000156741
*       0.09549402309041
GRID*                459                0.062240115260930.03300000156741
*       0.09391846149213
GRID*                460                0.061791995122460.03200000151991
*       0.09477222129831
GRID*                461                0.061152468724890.03200000151991
*       0.09549402309041
GRID*                462                0.061152468724890.03300000156741
*       0.09549402309041
GRID*                463                0.062470828162510.03200000151991
*       0.09298218215079
GRID*                464                0.062240115260930.03300000156741
*       0.09391846149213
GRID*                465                0.062470828162510.03300000156741
*       0.09298218215079
GRID*                466                0.062470828162510.03200000151991
*       0.09298218215079
GRID*                467                0.061791995122460.03200000151991
*       0.09477222129831
GRID*                468                0.062240115260930.03300000156741
*       0.09391846149213
GRID*                469                0.062470828162510.03200000151991
*       0.09201782663623
GRID*                470                0.062470828162510.03300000156741
*       0.09298218215079
GRID*                471                0.062240115260930.03300000156741
*       0.09108154729489
GRID*                472                0.062470828162510.03200000151991
*       0.09201782663623
GRID*                473                0.062470828162510.03200000151991
*       0.09298218215079
GRID*                474                0.062470828162510.03300000156741
*       0.09298218215079
GRID*                475                0.061791995122460.03200000151991
*       0.09022778748871
GRID*                476                0.062240115260930.03300000156741
*       0.09108154729489
GRID*                477                0.061152468724890.03300000156741
*       0.08950598569661
GRID*                478                0.061791995122460.03200000151991
*       0.09022778748871
GRID*                479                0.062470828162510.03200000151991
*       0.09201782663623
GRID*                480                0.062240115260930.03300000156741
*       0.09108154729489
GRID*                481                0.060358889585640.03200000151991
*       0.08895813410809
GRID*                482                0.061791995122460.03200000151991
*       0.09022778748871
GRID*                483                0.061152468724890.03300000156741
*       0.08950598569661
GRID*                484                0.060358889585640.03200000151991
*       0.08895813410809
GRID*                485                0.061152468724890.03300000156741
*       0.08950598569661
GRID*                486                0.060358889585640.03300000156741
*       0.08895813410809
GRID*                487                0.058500002778600.03200000151991
*       0.08850000420352
GRID*                488                0.060358889585640.03200000151991
*       0.08895813410809
GRID*                489                0.060358889585640.03300000156741
*       0.08895813410809
GRID*                490                0.058500002778600.03200000151991
*       0.08850000420352
GRID*                491                0.060358889585640.03300000156741
*       0.08895813410809
GRID*                492                0.058500002778600.03300000156741
*       0.08850000420352
GRID*                493                0.058500002778600.03200000151991
*       0.08850000420352
GRID*                494                0.058500002778600.03300000156741
*       0.08850000420352
GRID*                495                0.057542727342500.03300000156741
*       0.08861621514654
GRID*                496                0.056641115971550.03200000151991
*       0.08895813410809
GRID*                497                0.058500002778600.03200000151991
*       0.08850000420352
GRID*                498                0.057542727342500.03300000156741
*       0.08861621514654
GRID*                499                0.056641115971550.03200000151991
*       0.08895813410809
GRID*                500                0.057542727342500.03300000156741
*       0.08861621514654
GRID*                501                0.055847536832300.03300000156741
*       0.08950598569661
GRID*                502                0.055208010434740.03200000151991
*       0.09022778748871
GRID*                503                0.055847536832300.03300000156741
*       0.08950598569661
GRID*                504                0.055208010434740.03300000156741
*       0.09022778748871
GRID*                505                0.055208010434740.03200000151991
*       0.09022778748871
GRID*                506                0.056641115971550.03200000151991
*       0.08895813410809
GRID*                507                0.055847536832300.03300000156741
*       0.08950598569661
GRID*                508                0.028741212302630.03200000151991
*       0.13094336559447
GRID*                509                0.028692140034670.03200000151991
*       0.05031543207735
GRID*                510                0.054529177394680.03200000151991
*       0.09201782663623
GRID*                511                0.088285526654270.03200000151991
*       0.13072852183427
GRID*                512                0.057542727342500.03200000151991
*       0.09638379364048
GRID*                513                0.059457278214690.03200000151991
*       0.09638379364048
GRID*                514                0.088285526654270.03200000151991
*       0.13072852183427
GRID*                515                0.059457278214690.03200000151991
*       0.09638379364048
GRID*                516                0.061152468724890.03200000151991
*       0.09549402309041
GRID*                517                0.088285526654270.03200000151991
*       0.13072852183427
GRID*                518                0.061152468724890.03200000151991
*       0.09549402309041
GRID*                519                0.061791995122460.03200000151991
*       0.09477222129831
GRID*                520                0.088332279586180.03200000151991
*       0.13008569953811
GRID*                521                0.088285526654270.03200000151991
*       0.13072852183427
GRID*                522                0.061791995122460.03200000151991
*       0.09477222129831
GRID*                523                0.088332279586180.03200000151991
*       0.13008569953811
GRID*                524                0.061791995122460.03200000151991
*       0.09477222129831
GRID*                525                0.062470828162510.03200000151991
*       0.09298218215079
GRID*                526                0.088332279586180.03200000151991
*       0.13008569953811
GRID*                527                0.062470828162510.03200000151991
*       0.09298218215079
GRID*                528                0.062470828162510.03200000151991
*       0.09201782663623
GRID*                529                0.088199955361140.03200000151991
*       0.13720581706380
GRID*                530                0.028741212302630.03200000151991
*       0.13094336559447
GRID*                531                0.057542727342500.03200000151991
*       0.09638379364048
GRID*                532                0.088285526654270.03200000151991
*       0.13072852183427
GRID*                533                0.088199955361140.03200000151991
*       0.13720581706380
GRID*                534                0.057542727342500.03200000151991
*       0.09638379364048
GRID*                535                0.088199955361140.03200000151991
*       0.13720581706380
GRID*                536                0.028800050196050.03200000151991
*       0.13720581706380
GRID*                537                0.028741212302630.03200000151991
*       0.13094336559447
GRID*                538                0.088332279586180.03200000151991
*       0.13008569953811
GRID*                539                0.062470828162510.03200000151991
*       0.09201782663623
GRID*                540                0.088307865522520.03200000151991
*       0.05031543207735
GRID*                541                0.055208010434740.03300000156741
*       0.09022778748871
GRID*                542                0.055847536832300.03300000156741
*       0.08950598569661
GRID*                543                0.023500001116190.03300000156741
*       0.04250000201864
GRID*                544                0.057542727342500.03300000156741
*       0.08861621514654
GRID*                545                0.023500001116190.03300000156741
*       0.04250000201864
GRID*                546                0.055847536832300.03300000156741
*       0.08950598569661
GRID*                547                0.054529177394680.03300000156741
*       0.09201782663623
GRID*                548                0.055208010434740.03300000156741
*       0.09022778748871
GRID*                549                0.023500001116190.03300000156741
*       0.04250000201864
GRID*                550                0.058500002778600.03300000156741
*       0.08850000420352
GRID*                551                0.093500004441010.03300000156741
*       0.04250000201864
GRID*                552                0.023500001116190.03300000156741
*       0.04250000201864
GRID*                553                0.058500002778600.03300000156741
*       0.08850000420352
GRID*                554                0.023500001116190.03300000156741
*       0.04250000201864
GRID*                555                0.057542727342500.03300000156741
*       0.08861621514654
GRID*                556                0.060358889585640.03300000156741
*       0.08895813410809
GRID*                557                0.093500004441010.03300000156741
*       0.04250000201864
GRID*                558                0.058500002778600.03300000156741
*       0.08850000420352
GRID*                559                0.061152468724890.03300000156741
*       0.08950598569661
GRID*                560                0.093500004441010.03300000156741
*       0.04250000201864
GRID*                561                0.060358889585640.03300000156741
*       0.08895813410809
GRID*                562                0.062240115260930.03300000156741
*       0.09108154729489
GRID*                563                0.093500004441010.03300000156741
*       0.04250000201864
GRID*                564                0.061152468724890.03300000156741
*       0.08950598569661
GRID*                565                0.023514161273110.03300000156741
*       0.1375000065309 
GRID*                566                0.054529177394680.03300000156741
*       0.09298218215079
GRID*                567                0.054529177394680.03300000156741
*       0.09201782663623
GRID*                568                0.023514161273110.03300000156741
*       0.1375000065309 
GRID*                569                0.055208010434740.03300000156741
*       0.09477222129831
GRID*                570                0.054529177394680.03300000156741
*       0.09298218215079
GRID*                571                0.023514161273110.03300000156741
*       0.1375000065309 
GRID*                572                0.055847536832300.03300000156741
*       0.09549402309041
GRID*                573                0.055208010434740.03300000156741
*       0.09477222129831
GRID*                574                0.023514161273110.03300000156741
*       0.1375000065309 
GRID*                575                0.057542727342500.03300000156741
*       0.09638379364048
GRID*                576                0.055847536832300.03300000156741
*       0.09549402309041
GRID*                577                0.023514161273110.03300000156741
*       0.1375000065309 
GRID*                578                0.058500002778600.03300000156741
*       0.09650000458350
GRID*                579                0.057542727342500.03300000156741
*       0.09638379364048
GRID*                580                0.023514161273110.03300000156741
*       0.1375000065309 
GRID*                581                0.054529177394680.03300000156741
*       0.09201782663623
GRID*                582                0.023500001116190.03300000156741
*       0.04250000201864
GRID*                583                0.093500004441010.03300000156741
*       0.13750025067153
GRID*                584                0.060358889585640.03300000156741
*       0.09604187467893
GRID*                585                0.058500002778600.03300000156741
*       0.09650000458350
GRID*                586                0.093500004441010.03300000156741
*       0.13750025067153
GRID*                587                0.061152468724890.03300000156741
*       0.09549402309041
GRID*                588                0.060358889585640.03300000156741
*       0.09604187467893
GRID*                589                0.093500004441010.03300000156741
*       0.13750025067153
GRID*                590                0.062240115260930.03300000156741
*       0.09391846149213
GRID*                591                0.061152468724890.03300000156741
*       0.09549402309041
GRID*                592                0.093500004441010.03300000156741
*       0.13750025067153
GRID*                593                0.062470828162510.03300000156741
*       0.09298218215079
GRID*                594                0.062240115260930.03300000156741
*       0.09391846149213
GRID*                595                0.093500004441010.03300000156741
*       0.13750025067153
GRID*                596                0.062240115260930.03300000156741
*       0.09108154729489
GRID*                597                0.062470828162510.03300000156741
*       0.09298218215079
GRID*                598                0.023514161273110.03300000156741
*       0.1375000065309 
GRID*                599                0.093500004441010.03300000156741
*       0.13750025067153
GRID*                600                0.058500002778600.03300000156741
*       0.09650000458350
GRID*                601                0.093500004441010.03300000156741
*       0.13750025067153
GRID*                602                0.093500004441010.03300000156741
*       0.04250000201864
GRID*                603                0.062240115260930.03300000156741
*       0.09108154729489
GRID*                604                0.054529177394680.03200000151991
*       0.09201782663623
GRID*                605                0.055208010434740.03300000156741
*       0.09022778748871
GRID*                606                0.054529177394680.03300000156741
*       0.09201782663623
GRID*                607                0.054529177394680.03200000151991
*       0.09201782663623
GRID*                608                0.055208010434740.03200000151991
*       0.09022778748871
GRID*                609                0.055208010434740.03300000156741
*       0.09022778748871
GRID*                610                0.054529177394680.03200000151991
*       0.09201782663623
GRID*                611                0.054529177394680.03300000156741
*       0.09201782663623
GRID*                612                0.054529177394680.03300000156741
*       0.09298218215079
GRID*                613                0.054759890296260.03200000151991
*       0.09391846149213
GRID*                614                0.054529177394680.03300000156741
*       0.09298218215079
GRID*                615                0.055208010434740.03300000156741
*       0.09477222129831
GRID*                616                0.054759890296260.03200000151991
*       0.09391846149213
GRID*                617                0.054529177394680.03200000151991
*       0.09201782663623
GRID*                618                0.054529177394680.03300000156741
*       0.09298218215079
GRID*                619                0.055847536832300.03200000151991
*       0.09549402309041
GRID*                620                0.055208010434740.03300000156741
*       0.09477222129831
GRID*                621                0.055847536832300.03300000156741
*       0.09549402309041
GRID*                622                0.055847536832300.03200000151991
*       0.09549402309041
GRID*                623                0.055847536832300.03300000156741
*       0.09549402309041
GRID*                624                0.057542727342500.03300000156741
*       0.09638379364048
GRID*                625                0.055847536832300.03200000151991
*       0.09549402309041
GRID*                626                0.054759890296260.03200000151991
*       0.09391846149213
GRID*                627                0.055208010434740.03300000156741
*       0.09477222129831
GRID*                628                0.057542727342500.03200000151991
*       0.09638379364048
GRID*                629                0.055847536832300.03200000151991
*       0.09549402309041
GRID*                630                0.057542727342500.03300000156741
*       0.09638379364048
GRID*                631                0.057542727342500.03200000151991
*       0.09638379364048
GRID*                632                0.057542727342500.03300000156741
*       0.09638379364048
GRID*                633                0.058500002778600.03300000156741
*       0.09650000458350
GRID*                634                0.028692140034670.03200000151991
*       0.05031543207735
GRID*                635                0.056641115971550.03200000151991
*       0.08895813410809
GRID*                636                0.055208010434740.03200000151991
*       0.09022778748871
GRID*                637                0.028692140034670.03200000151991
*       0.05031543207735
GRID*                638                0.055208010434740.03200000151991
*       0.09022778748871
GRID*                639                0.054529177394680.03200000151991
*       0.09201782663623
GRID*                640                0.058500002778600.03200000151991
*       0.08850000420352
GRID*                641                0.028692140034670.03200000151991
*       0.05031543207735
GRID*                642                0.028800050196050.03200000151991
*       0.04770935285201
GRID*                643                0.058500002778600.03200000151991
*       0.08850000420352
GRID*                644                0.088199955361140.03200000151991
*       0.04770935285201
GRID*                645                0.088307865522520.03200000151991
*       0.05031543207735
GRID*                646                0.088199955361140.03200000151991
*       0.04770935285201
GRID*                647                0.058500002778600.03200000151991
*       0.08850000420352
GRID*                648                0.028800050196050.03200000151991
*       0.04770935285201
GRID*                649                0.028692140034670.03200000151991
*       0.05031543207735
GRID*                650                0.058500002778600.03200000151991
*       0.08850000420352
GRID*                651                0.056641115971550.03200000151991
*       0.08895813410809
GRID*                652                0.088307865522520.03200000151991
*       0.05031543207735
GRID*                653                0.060358889585640.03200000151991
*       0.08895813410809
GRID*                654                0.058500002778600.03200000151991
*       0.08850000420352
GRID*                655                0.088307865522520.03200000151991
*       0.05031543207735
GRID*                656                0.061791995122460.03200000151991
*       0.09022778748871
GRID*                657                0.060358889585640.03200000151991
*       0.08895813410809
GRID*                658                0.088307865522520.03200000151991
*       0.05031543207735
GRID*                659                0.062470828162510.03200000151991
*       0.09201782663623
GRID*                660                0.061791995122460.03200000151991
*       0.09022778748871
GRID*                661                0.028741212302630.03200000151991
*       0.13094336559447
GRID*                662                0.054529177394680.03200000151991
*       0.09201782663623
GRID*                663                0.054759890296260.03200000151991
*       0.09391846149213
GRID*                664                0.028741212302630.03200000151991
*       0.13094336559447
GRID*                665                0.054759890296260.03200000151991
*       0.09391846149213
GRID*                666                0.055847536832300.03200000151991
*       0.09549402309041
GRID*                667                0.028741212302630.03200000151991
*       0.13094336559447
GRID*                668                0.055847536832300.03200000151991
*       0.09549402309041
GRID*                669                0.057542727342500.03200000151991
*       0.09638379364048
GRID*                670                0.08819995536114-0.0300000014249
*       0.13719995768852
GRID*                671                0.02880005019605-0.0300000014249
*       0.04969287345403
GRID*                672                0.02880005019605-0.0300000014249
*       0.13719995768852
GRID*                673                0.08819995536114-0.0300000014249
*       0.13030713509550
GRID*                674                0.02880005019605-0.0300000014249
*       0.04969287345403
GRID*                675                0.08819995536114-0.0300000014249
*       0.13719995768852
GRID*                676                0.09350000444101-0.0300000014249
*       0.04250000201864
GRID*                677                0.09350000444101-0.0310000014724
*       0.04250000201864
GRID*                678                0.02350000111619-0.0300000014249
*       0.04250000201864
GRID*                679                0.02350000111619-0.0300000014249
*       0.04250000201864
GRID*                680                0.09350000444101-0.0310000014724
*       0.04250000201864
GRID*                681                0.02350000111619-0.0310000014724
*       0.04250000201864
GRID*                682                0.02350000111619-0.0300000014249
*       0.04250000201864
GRID*                683                0.02350000111619-0.0310000014724
*       0.04250000201864
GRID*                684                0.02350000111619-0.0300000014249
*       0.1375000065309 
GRID*                685                0.02350000111619-0.0300000014249
*       0.1375000065309 
GRID*                686                0.02350000111619-0.0310000014724
*       0.04250000201864
GRID*                687                0.02350000111619-0.0310000014724
*       0.1375000065309 
GRID*                688                0.02880005019605-0.0300000014249
*       0.04780005109850
GRID*                689                0.08819995536114-0.0300000014249
*       0.13030713509550
GRID*                690                0.08819995536114-0.0300000014249
*       0.04780005109850
GRID*                691                0.08819995536114-0.0300000014249
*       0.13030713509550
GRID*                692                0.02880005019605-0.0300000014249
*       0.04780005109850
GRID*                693                0.02880005019605-0.0300000014249
*       0.04969287345403
GRID*                694                0.09350000444101-0.0310000014724
*       0.1375000065309 
GRID*                695                0.02350000111619-0.0310000014724
*       0.04250000201864
GRID*                696                0.09350000444101-0.0310000014724
*       0.04250000201864
GRID*                697                0.09350000444101-0.0310000014724
*       0.1375000065309 
GRID*                698                0.02350000111619-0.0310000014724
*       0.1375000065309 
GRID*                699                0.02350000111619-0.0310000014724
*       0.04250000201864
GRID*                700                0.09350000444101-0.0300002455655
*       0.1375000065309 
GRID*                701                0.09350000444101-0.0310000014724
*       0.1375000065309 
GRID*                702                0.09350000444101-0.0300000014249
*       0.04250000201864
GRID*                703                0.09350000444101-0.0300000014249
*       0.04250000201864
GRID*                704                0.09350000444101-0.0310000014724
*       0.1375000065309 
GRID*                705                0.09350000444101-0.0310000014724
*       0.04250000201864
GRID*                706                0.09350000444101-0.0090000004274
*       0.1375000065309 
GRID*                707                0.09350000444101-0.0100000004749
*       0.1375000065309 
GRID*                708                0.09350000444101-0.0099998784046
*       0.04250696002678
GRID*                709                0.09350000444101-0.0090000004274
*       0.1375000065309 
GRID*                710                0.09350000444101-0.0099998784046
*       0.04250696002678
GRID*                711                0.09349365678446-0.0090000004274
*       0.04250000201864
GRID*                712                0.09349365678446-0.0090000004274
*       0.04250000201864
GRID*                713                0.09350000444101-0.0099998784046
*       0.04250696002678
GRID*                714                0.02351696889043-0.0100000004749
*       0.04250000201864
GRID*                715                0.09349365678446-0.0090000004274
*       0.04250000201864
GRID*                716                0.02351696889043-0.0100000004749
*       0.04250000201864
GRID*                717                0.02350000111619-0.0090001224977
*       0.04250647174551
GRID*                718                0.02350000111619-0.0090001224977
*       0.04250647174551
GRID*                719                0.02351696889043-0.0100000004749
*       0.04250000201864
GRID*                720                0.02350000111619-0.0100000004749
*       0.13747998699869
GRID*                721                0.02350000111619-0.0100000004749
*       0.13747998699869
GRID*                722                0.02350000111619-0.0090000004274
*       0.1375000065309 
GRID*                723                0.02350000111619-0.0090001224977
*       0.04250647174551
GRID*                724                0.05945727821469-0.0100000004749
*       0.09638379364048
GRID*                725                0.05754272734250-0.0100000004749
*       0.09638379364048
GRID*                726                0.05850000277860-0.0090000004274
*       0.09650000458350
GRID*                727                0.05945727821469-0.0100000004749
*       0.09638379364048
GRID*                728                0.05850000277860-0.0090000004274
*       0.09650000458350
GRID*                729                0.06035888958564-0.0090000004274
*       0.09604187467893
GRID*                730                0.06115246872489-0.0100000004749
*       0.09549402309041
GRID*                731                0.06035888958564-0.0090000004274
*       0.09604187467893
GRID*                732                0.06115246872489-0.0090000004274
*       0.09549402309041
GRID*                733                0.06115246872489-0.0100000004749
*       0.09549402309041
GRID*                734                0.05945727821469-0.0100000004749
*       0.09638379364048
GRID*                735                0.06035888958564-0.0090000004274
*       0.09604187467893
GRID*                736                0.06179199512246-0.0100000004749
*       0.09477222129831
GRID*                737                0.06115246872489-0.0090000004274
*       0.09549402309041
GRID*                738                0.06224011526093-0.0090000004274
*       0.09391846149213
GRID*                739                0.06179199512246-0.0100000004749
*       0.09477222129831
GRID*                740                0.06115246872489-0.0100000004749
*       0.09549402309041
GRID*                741                0.06115246872489-0.0090000004274
*       0.09549402309041
GRID*                742                0.06247082816251-0.0100000004749
*       0.09298218215079
GRID*                743                0.06224011526093-0.0090000004274
*       0.09391846149213
GRID*                744                0.06247082816251-0.0090000004274
*       0.09298218215079
GRID*                745                0.06247082816251-0.0100000004749
*       0.09298218215079
GRID*                746                0.06179199512246-0.0100000004749
*       0.09477222129831
GRID*                747                0.06224011526093-0.0090000004274
*       0.09391846149213
GRID*                748                0.06247082816251-0.0100000004749
*       0.09201782663623
GRID*                749                0.06247082816251-0.0090000004274
*       0.09298218215079
GRID*                750                0.06224011526093-0.0090000004274
*       0.09108154729489
GRID*                751                0.06247082816251-0.0100000004749
*       0.09201782663623
GRID*                752                0.06247082816251-0.0100000004749
*       0.09298218215079
GRID*                753                0.06247082816251-0.0090000004274
*       0.09298218215079
GRID*                754                0.06179199512246-0.0100000004749
*       0.09022778748871
GRID*                755                0.06224011526093-0.0090000004274
*       0.09108154729489
GRID*                756                0.06115246872489-0.0090000004274
*       0.08950598569661
GRID*                757                0.06179199512246-0.0100000004749
*       0.09022778748871
GRID*                758                0.06247082816251-0.0100000004749
*       0.09201782663623
GRID*                759                0.06224011526093-0.0090000004274
*       0.09108154729489
GRID*                760                0.06035888958564-0.0100000004749
*       0.08895813410809
GRID*                761                0.06179199512246-0.0100000004749
*       0.09022778748871
GRID*                762                0.06115246872489-0.0090000004274
*       0.08950598569661
GRID*                763                0.06035888958564-0.0100000004749
*       0.08895813410809
GRID*                764                0.06115246872489-0.0090000004274
*       0.08950598569661
GRID*                765                0.06035888958564-0.0090000004274
*       0.08895813410809
GRID*                766                0.05850000277860-0.0100000004749
*       0.08850000420352
GRID*                767                0.06035888958564-0.0100000004749
*       0.08895813410809
GRID*                768                0.06035888958564-0.0090000004274
*       0.08895813410809
GRID*                769                0.05850000277860-0.0100000004749
*       0.08850000420352
GRID*                770                0.06035888958564-0.0090000004274
*       0.08895813410809
GRID*                771                0.05850000277860-0.0090000004274
*       0.08850000420352
GRID*                772                0.05850000277860-0.0100000004749
*       0.08850000420352
GRID*                773                0.05850000277860-0.0090000004274
*       0.08850000420352
GRID*                774                0.05754272734250-0.0090000004274
*       0.08861621514654
GRID*                775                0.05664111597155-0.0100000004749
*       0.08895813410809
GRID*                776                0.05850000277860-0.0100000004749
*       0.08850000420352
GRID*                777                0.05754272734250-0.0090000004274
*       0.08861621514654
GRID*                778                0.05664111597155-0.0100000004749
*       0.08895813410809
GRID*                779                0.05754272734250-0.0090000004274
*       0.08861621514654
GRID*                780                0.05584753683230-0.0090000004274
*       0.08950598569661
GRID*                781                0.05520801043474-0.0100000004749
*       0.09022778748871
GRID*                782                0.05584753683230-0.0090000004274
*       0.08950598569661
GRID*                783                0.05520801043474-0.0090000004274
*       0.09022778748871
GRID*                784                0.05520801043474-0.0100000004749
*       0.09022778748871
GRID*                785                0.05664111597155-0.0100000004749
*       0.08895813410809
GRID*                786                0.05584753683230-0.0090000004274
*       0.08950598569661
GRID*                787                0.05452917739468-0.0100000004749
*       0.09201782663623
GRID*                788                0.05520801043474-0.0090000004274
*       0.09022778748871
GRID*                789                0.05452917739468-0.0090000004274
*       0.09201782663623
GRID*                790                0.05452917739468-0.0100000004749
*       0.09201782663623
GRID*                791                0.05520801043474-0.0100000004749
*       0.09022778748871
GRID*                792                0.05520801043474-0.0090000004274
*       0.09022778748871
GRID*                793                0.05452917739468-0.0100000004749
*       0.09201782663623
GRID*                794                0.05452917739468-0.0090000004274
*       0.09201782663623
GRID*                795                0.05452917739468-0.0090000004274
*       0.09298218215079
GRID*                796                0.05475989029626-0.0100000004749
*       0.09391846149213
GRID*                797                0.05452917739468-0.0090000004274
*       0.09298218215079
GRID*                798                0.05520801043474-0.0090000004274
*       0.09477222129831
GRID*                799                0.05475989029626-0.0100000004749
*       0.09391846149213
GRID*                800                0.05452917739468-0.0100000004749
*       0.09201782663623
GRID*                801                0.05452917739468-0.0090000004274
*       0.09298218215079
GRID*                802                0.05584753683230-0.0100000004749
*       0.09549402309041
GRID*                803                0.05520801043474-0.0090000004274
*       0.09477222129831
GRID*                804                0.05584753683230-0.0090000004274
*       0.09549402309041
GRID*                805                0.05584753683230-0.0100000004749
*       0.09549402309041
GRID*                806                0.05584753683230-0.0090000004274
*       0.09549402309041
GRID*                807                0.05754272734250-0.0090000004274
*       0.09638379364048
GRID*                808                0.05584753683230-0.0100000004749
*       0.09549402309041
GRID*                809                0.05475989029626-0.0100000004749
*       0.09391846149213
GRID*                810                0.05520801043474-0.0090000004274
*       0.09477222129831
GRID*                811                0.05754272734250-0.0100000004749
*       0.09638379364048
GRID*                812                0.05584753683230-0.0100000004749
*       0.09549402309041
GRID*                813                0.05754272734250-0.0090000004274
*       0.09638379364048
GRID*                814                0.05754272734250-0.0100000004749
*       0.09638379364048
GRID*                815                0.05754272734250-0.0090000004274
*       0.09638379364048
GRID*                816                0.05850000277860-0.0090000004274
*       0.09650000458350
GRID*                817                0.02869214003467-0.0100000004749
*       0.05031543207735
GRID*                818                0.05664111597155-0.0100000004749
*       0.08895813410809
GRID*                819                0.05520801043474-0.0100000004749
*       0.09022778748871
GRID*                820                0.02869214003467-0.0100000004749
*       0.05031543207735
GRID*                821                0.05520801043474-0.0100000004749
*       0.09022778748871
GRID*                822                0.05452917739468-0.0100000004749
*       0.09201782663623
GRID*                823                0.02869214003467-0.0100000004749
*       0.05031543207735
GRID*                824                0.02880005019605-0.0100000004749
*       0.04770935285201
GRID*                825                0.05850000277860-0.0100000004749
*       0.08850000420352
GRID*                826                0.08819995536114-0.0100000004749
*       0.04770935285201
GRID*                827                0.05850000277860-0.0100000004749
*       0.08850000420352
GRID*                828                0.02880005019605-0.0100000004749
*       0.04770935285201
GRID*                829                0.05850000277860-0.0100000004749
*       0.08850000420352
GRID*                830                0.08819995536114-0.0100000004749
*       0.04770935285201
GRID*                831                0.08830786552252-0.0100000004749
*       0.05031543207735
GRID*                832                0.02869214003467-0.0100000004749
*       0.05031543207735
GRID*                833                0.05850000277860-0.0100000004749
*       0.08850000420352
GRID*                834                0.05664111597155-0.0100000004749
*       0.08895813410809
GRID*                835                0.08830786552252-0.0100000004749
*       0.05031543207735
GRID*                836                0.06035888958564-0.0100000004749
*       0.08895813410809
GRID*                837                0.05850000277860-0.0100000004749
*       0.08850000420352
GRID*                838                0.08830786552252-0.0100000004749
*       0.05031543207735
GRID*                839                0.06179199512246-0.0100000004749
*       0.09022778748871
GRID*                840                0.06035888958564-0.0100000004749
*       0.08895813410809
GRID*                841                0.08830786552252-0.0100000004749
*       0.05031543207735
GRID*                842                0.06247082816251-0.0100000004749
*       0.09201782663623
GRID*                843                0.06179199512246-0.0100000004749
*       0.09022778748871
GRID*                844                0.02874121230263-0.0100000004749
*       0.13094336559447
GRID*                845                0.05452917739468-0.0100000004749
*       0.09201782663623
GRID*                846                0.05475989029626-0.0100000004749
*       0.09391846149213
GRID*                847                0.02874121230263-0.0100000004749
*       0.13094336559447
GRID*                848                0.05475989029626-0.0100000004749
*       0.09391846149213
GRID*                849                0.05584753683230-0.0100000004749
*       0.09549402309041
GRID*                850                0.02874121230263-0.0100000004749
*       0.13094336559447
GRID*                851                0.05584753683230-0.0100000004749
*       0.09549402309041
GRID*                852                0.05754272734250-0.0100000004749
*       0.09638379364048
GRID*                853                0.02874121230263-0.0100000004749
*       0.13094336559447
GRID*                854                0.02869214003467-0.0100000004749
*       0.05031543207735
GRID*                855                0.05452917739468-0.0100000004749
*       0.09201782663623
GRID*                856                0.08828552665427-0.0100000004749
*       0.13072852183427
GRID*                857                0.05754272734250-0.0100000004749
*       0.09638379364048
GRID*                858                0.05945727821469-0.0100000004749
*       0.09638379364048
GRID*                859                0.08828552665427-0.0100000004749
*       0.13072852183427
GRID*                860                0.05945727821469-0.0100000004749
*       0.09638379364048
GRID*                861                0.06115246872489-0.0100000004749
*       0.09549402309041
GRID*                862                0.08828552665427-0.0100000004749
*       0.13072852183427
GRID*                863                0.06115246872489-0.0100000004749
*       0.09549402309041
GRID*                864                0.06179199512246-0.0100000004749
*       0.09477222129831
GRID*                865                0.06179199512246-0.0100000004749
*       0.09477222129831
GRID*                866                0.08833227958618-0.0100000004749
*       0.13008569953811
GRID*                867                0.08828552665427-0.0100000004749
*       0.13072852183427
GRID*                868                0.08833227958618-0.0100000004749
*       0.13008569953811
GRID*                869                0.06179199512246-0.0100000004749
*       0.09477222129831
GRID*                870                0.06247082816251-0.0100000004749
*       0.09298218215079
GRID*                871                0.08833227958618-0.0100000004749
*       0.13008569953811
GRID*                872                0.06247082816251-0.0100000004749
*       0.09298218215079
GRID*                873                0.06247082816251-0.0100000004749
*       0.09201782663623
GRID*                874                0.05754272734250-0.0100000004749
*       0.09638379364048
GRID*                875                0.02880005019605-0.0100000004749
*       0.13720581706380
GRID*                876                0.02874121230263-0.0100000004749
*       0.13094336559447
GRID*                877                0.08819995536114-0.0100000004749
*       0.13720581706380
GRID*                878                0.02880005019605-0.0100000004749
*       0.13720581706380
GRID*                879                0.05754272734250-0.0100000004749
*       0.09638379364048
GRID*                880                0.08828552665427-0.0100000004749
*       0.13072852183427
GRID*                881                0.08819995536114-0.0100000004749
*       0.13720581706380
GRID*                882                0.05754272734250-0.0100000004749
*       0.09638379364048
GRID*                883                0.08833227958618-0.0100000004749
*       0.13008569953811
GRID*                884                0.06247082816251-0.0100000004749
*       0.09201782663623
GRID*                885                0.08830786552252-0.0100000004749
*       0.05031543207735
GRID*                886                0.02869214003467-0.0090000004274
*       0.05031543207735
GRID*                887                0.05520801043474-0.0090000004274
*       0.09022778748871
GRID*                888                0.05584753683230-0.0090000004274
*       0.08950598569661
GRID*                889                0.02869214003467-0.0090000004274
*       0.05031543207735
GRID*                890                0.05584753683230-0.0090000004274
*       0.08950598569661
GRID*                891                0.05754272734250-0.0090000004274
*       0.08861621514654
GRID*                892                0.02869214003467-0.0090000004274
*       0.05031543207735
GRID*                893                0.05452917739468-0.0090000004274
*       0.09201782663623
GRID*                894                0.05520801043474-0.0090000004274
*       0.09022778748871
GRID*                895                0.05850000277860-0.0090000004274
*       0.08850000420352
GRID*                896                0.02880005019605-0.0090000004274
*       0.04770935285201
GRID*                897                0.02869214003467-0.0090000004274
*       0.05031543207735
GRID*                898                0.08819995536114-0.0090000004274
*       0.04770935285201
GRID*                899                0.02880005019605-0.0090000004274
*       0.04770935285201
GRID*                900                0.05850000277860-0.0090000004274
*       0.08850000420352
GRID*                901                0.08830786552252-0.0090000004274
*       0.05031543207735
GRID*                902                0.08819995536114-0.0090000004274
*       0.04770935285201
GRID*                903                0.05850000277860-0.0090000004274
*       0.08850000420352
GRID*                904                0.02869214003467-0.0090000004274
*       0.05031543207735
GRID*                905                0.05754272734250-0.0090000004274
*       0.08861621514654
GRID*                906                0.05850000277860-0.0090000004274
*       0.08850000420352
GRID*                907                0.08830786552252-0.0090000004274
*       0.05031543207735
GRID*                908                0.05850000277860-0.0090000004274
*       0.08850000420352
GRID*                909                0.06035888958564-0.0090000004274
*       0.08895813410809
GRID*                910                0.08830786552252-0.0090000004274
*       0.05031543207735
GRID*                911                0.06035888958564-0.0090000004274
*       0.08895813410809
GRID*                912                0.06115246872489-0.0090000004274
*       0.08950598569661
GRID*                913                0.08830786552252-0.0090000004274
*       0.05031543207735
GRID*                914                0.06115246872489-0.0090000004274
*       0.08950598569661
GRID*                915                0.06224011526093-0.0090000004274
*       0.09108154729489
GRID*                916                0.02871447890292-0.0090000004274
*       0.13072852183427
GRID*                917                0.05452917739468-0.0090000004274
*       0.09298218215079
GRID*                918                0.05452917739468-0.0090000004274
*       0.09201782663623
GRID*                919                0.02871447890292-0.0090000004274
*       0.13072852183427
GRID*                920                0.05520801043474-0.0090000004274
*       0.09477222129831
GRID*                921                0.05452917739468-0.0090000004274
*       0.09298218215079
GRID*                922                0.02871447890292-0.0090000004274
*       0.13072852183427
GRID*                923                0.05584753683230-0.0090000004274
*       0.09549402309041
GRID*                924                0.05520801043474-0.0090000004274
*       0.09477222129831
GRID*                925                0.02871447890292-0.0090000004274
*       0.13072852183427
GRID*                926                0.05754272734250-0.0090000004274
*       0.09638379364048
GRID*                927                0.05584753683230-0.0090000004274
*       0.09549402309041
GRID*                928                0.02871447890292-0.0090000004274
*       0.13072852183427
GRID*                929                0.05850000277860-0.0090000004274
*       0.09650000458350
GRID*                930                0.05754272734250-0.0090000004274
*       0.09638379364048
GRID*                931                0.02871447890292-0.0090000004274
*       0.13072852183427
GRID*                932                0.05452917739468-0.0090000004274
*       0.09201782663623
GRID*                933                0.02869214003467-0.0090000004274
*       0.05031543207735
GRID*                934                0.08825879325456-0.0090000004274
*       0.13094336559447
GRID*                935                0.06035888958564-0.0090000004274
*       0.09604187467893
GRID*                936                0.05850000277860-0.0090000004274
*       0.09650000458350
GRID*                937                0.08825879325456-0.0090000004274
*       0.13094336559447
GRID*                938                0.06115246872489-0.0090000004274
*       0.09549402309041
GRID*                939                0.06035888958564-0.0090000004274
*       0.09604187467893
GRID*                940                0.08825879325456-0.0090000004274
*       0.13094336559447
GRID*                941                0.06224011526093-0.0090000004274
*       0.09391846149213
GRID*                942                0.06115246872489-0.0090000004274
*       0.09549402309041
GRID*                943                0.08825879325456-0.0090000004274
*       0.13094336559447
GRID*                944                0.06247082816251-0.0090000004274
*       0.09298218215079
GRID*                945                0.06224011526093-0.0090000004274
*       0.09391846149213
GRID*                946                0.08825879325456-0.0090000004274
*       0.13094336559447
GRID*                947                0.06224011526093-0.0090000004274
*       0.09108154729489
GRID*                948                0.06247082816251-0.0090000004274
*       0.09298218215079
GRID*                949                0.02880005019605-0.0090000004274
*       0.13720581706380
GRID*                950                0.05850000277860-0.0090000004274
*       0.09650000458350
GRID*                951                0.02871447890292-0.0090000004274
*       0.13072852183427
GRID*                952                0.08819995536114-0.0090000004274
*       0.13720581706380
GRID*                953                0.05850000277860-0.0090000004274
*       0.09650000458350
GRID*                954                0.02880005019605-0.0090000004274
*       0.13720581706380
GRID*                955                0.05850000277860-0.0090000004274
*       0.09650000458350
GRID*                956                0.08819995536114-0.0090000004274
*       0.13720581706380
GRID*                957                0.08825879325456-0.0090000004274
*       0.13094336559447
GRID*                958                0.08825879325456-0.0090000004274
*       0.13094336559447
GRID*                959                0.08830786552252-0.0090000004274
*       0.05031543207735
GRID*                960                0.06224011526093-0.0090000004274
*       0.09108154729489
GRID*                961                0.028692140034670.01100000052247
*       0.05031543207735
GRID*                962                0.058500002778600.01100000052247
*       0.08850000420352
GRID*                963                0.056641115971550.01100000052247
*       0.08895813410809
GRID*                964                0.088307865522520.01100000052247
*       0.05031543207735
GRID*                965                0.060358889585640.01100000052247
*       0.08895813410809
GRID*                966                0.058500002778600.01100000052247
*       0.08850000420352
GRID*                967                0.088307865522520.01100000052247
*       0.05031543207735
GRID*                968                0.061791995122460.01100000052247
*       0.09022778748871
GRID*                969                0.060358889585640.01100000052247
*       0.08895813410809
GRID*                970                0.088307865522520.01100000052247
*       0.05031543207735
GRID*                971                0.062470828162510.01100000052247
*       0.09201782663623
GRID*                972                0.061791995122460.01100000052247
*       0.09022778748871
GRID*                973                0.028741212302630.01100000052247
*       0.13094336559447
GRID*                974                0.054529177394680.01100000052247
*       0.09201782663623
GRID*                975                0.054759890296260.01100000052247
*       0.09391846149213
GRID*                976                0.028741212302630.01100000052247
*       0.13094336559447
GRID*                977                0.054759890296260.01100000052247
*       0.09391846149213
GRID*                978                0.055847536832300.01100000052247
*       0.09549402309041
GRID*                979                0.028741212302630.01100000052247
*       0.13094336559447
GRID*                980                0.055847536832300.01100000052247
*       0.09549402309041
GRID*                981                0.057542727342500.01100000052247
*       0.09638379364048
GRID*                982                0.054529177394680.01100000052247
*       0.09201782663623
GRID*                983                0.028741212302630.01100000052247
*       0.13094336559447
GRID*                984                0.028692140034670.01100000052247
*       0.05031543207735
GRID*                985                0.088285526654270.01100000052247
*       0.13072852183427
GRID*                986                0.057542727342500.01100000052247
*       0.09638379364048
GRID*                987                0.059457278214690.01100000052247
*       0.09638379364048
GRID*                988                0.088285526654270.01100000052247
*       0.13072852183427
GRID*                989                0.059457278214690.01100000052247
*       0.09638379364048
GRID*                990                0.061152468724890.01100000052247
*       0.09549402309041
GRID*                991                0.088285526654270.01100000052247
*       0.13072852183427
GRID*                992                0.061152468724890.01100000052247
*       0.09549402309041
GRID*                993                0.061791995122460.01100000052247
*       0.09477222129831
GRID*                994                0.088332279586180.01100000052247
*       0.13008569953811
GRID*                995                0.088285526654270.01100000052247
*       0.13072852183427
GRID*                996                0.061791995122460.01100000052247
*       0.09477222129831
GRID*                997                0.088332279586180.01100000052247
*       0.13008569953811
GRID*                998                0.061791995122460.01100000052247
*       0.09477222129831
GRID*                999                0.062470828162510.01100000052247
*       0.09298218215079
GRID*               1000                0.088332279586180.01100000052247
*       0.13008569953811
GRID*               1001                0.062470828162510.01100000052247
*       0.09298218215079
GRID*               1002                0.062470828162510.01100000052247
*       0.09201782663623
GRID*               1003                0.028800050196050.01100000052247
*       0.13720581706380
GRID*               1004                0.088285526654270.01100000052247
*       0.13072852183427
GRID*               1005                0.088199955361140.01100000052247
*       0.13720581706380
GRID*               1006                0.028741212302630.01100000052247
*       0.13094336559447
GRID*               1007                0.057542727342500.01100000052247
*       0.09638379364048
GRID*               1008                0.088285526654270.01100000052247
*       0.13072852183427
GRID*               1009                0.088285526654270.01100000052247
*       0.13072852183427
GRID*               1010                0.028800050196050.01100000052247
*       0.13720581706380
GRID*               1011                0.028741212302630.01100000052247
*       0.13094336559447
GRID*               1012                0.088332279586180.01100000052247
*       0.13008569953811
GRID*               1013                0.062470828162510.01100000052247
*       0.09201782663623
GRID*               1014                0.088307865522520.01100000052247
*       0.05031543207735
GRID*               1015                0.028692140034670.01200000056996
*       0.05031543207735
GRID*               1016                0.055208010434740.01200000056996
*       0.09022778748871
GRID*               1017                0.055847536832300.01200000056996
*       0.08950598569661
GRID*               1018                0.028692140034670.01200000056996
*       0.05031543207735
GRID*               1019                0.055847536832300.01200000056996
*       0.08950598569661
GRID*               1020                0.057542727342500.01200000056996
*       0.08861621514654
GRID*               1021                0.028692140034670.01200000056996
*       0.05031543207735
GRID*               1022                0.054529177394680.01200000056996
*       0.09201782663623
GRID*               1023                0.055208010434740.01200000056996
*       0.09022778748871
GRID*               1024                0.058500002778600.01200000056996
*       0.08850000420352
GRID*               1025                0.028800050196050.01200000056996
*       0.04770935285201
GRID*               1026                0.028692140034670.01200000056996
*       0.05031543207735
GRID*               1027                0.088199955361140.01200000056996
*       0.04770935285201
GRID*               1028                0.028800050196050.01200000056996
*       0.04770935285201
GRID*               1029                0.058500002778600.01200000056996
*       0.08850000420352
GRID*               1030                0.058500002778600.01200000056996
*       0.08850000420352
GRID*               1031                0.088307865522520.01200000056996
*       0.05031543207735
GRID*               1032                0.088199955361140.01200000056996
*       0.04770935285201
GRID*               1033                0.028692140034670.01200000056996
*       0.05031543207735
GRID*               1034                0.057542727342500.01200000056996
*       0.08861621514654
GRID*               1035                0.058500002778600.01200000056996
*       0.08850000420352
GRID*               1036                0.088307865522520.01200000056996
*       0.05031543207735
GRID*               1037                0.058500002778600.01200000056996
*       0.08850000420352
GRID*               1038                0.060358889585640.01200000056996
*       0.08895813410809
GRID*               1039                0.088307865522520.01200000056996
*       0.05031543207735
GRID*               1040                0.060358889585640.01200000056996
*       0.08895813410809
GRID*               1041                0.061152468724890.01200000056996
*       0.08950598569661
GRID*               1042                0.088307865522520.01200000056996
*       0.05031543207735
GRID*               1043                0.061152468724890.01200000056996
*       0.08950598569661
GRID*               1044                0.062240115260930.01200000056996
*       0.09108154729489
GRID*               1045                0.028714478902920.01200000056996
*       0.13072852183427
GRID*               1046                0.054529177394680.01200000056996
*       0.09298218215079
GRID*               1047                0.054529177394680.01200000056996
*       0.09201782663623
GRID*               1048                0.028714478902920.01200000056996
*       0.13072852183427
GRID*               1049                0.055208010434740.01200000056996
*       0.09477222129831
GRID*               1050                0.054529177394680.01200000056996
*       0.09298218215079
GRID*               1051                0.028714478902920.01200000056996
*       0.13072852183427
GRID*               1052                0.055847536832300.01200000056996
*       0.09549402309041
GRID*               1053                0.055208010434740.01200000056996
*       0.09477222129831
GRID*               1054                0.028714478902920.01200000056996
*       0.13072852183427
GRID*               1055                0.057542727342500.01200000056996
*       0.09638379364048
GRID*               1056                0.055847536832300.01200000056996
*       0.09549402309041
GRID*               1057                0.028714478902920.01200000056996
*       0.13072852183427
GRID*               1058                0.058500002778600.01200000056996
*       0.09650000458350
GRID*               1059                0.057542727342500.01200000056996
*       0.09638379364048
GRID*               1060                0.054529177394680.01200000056996
*       0.09201782663623
GRID*               1061                0.028692140034670.01200000056996
*       0.05031543207735
GRID*               1062                0.028714478902920.01200000056996
*       0.13072852183427
GRID*               1063                0.088258793254560.01200000056996
*       0.13094336559447
GRID*               1064                0.060358889585640.01200000056996
*       0.09604187467893
GRID*               1065                0.058500002778600.01200000056996
*       0.09650000458350
GRID*               1066                0.088258793254560.01200000056996
*       0.13094336559447
GRID*               1067                0.061152468724890.01200000056996
*       0.09549402309041
GRID*               1068                0.060358889585640.01200000056996
*       0.09604187467893
GRID*               1069                0.088258793254560.01200000056996
*       0.13094336559447
GRID*               1070                0.062240115260930.01200000056996
*       0.09391846149213
GRID*               1071                0.061152468724890.01200000056996
*       0.09549402309041
GRID*               1072                0.088258793254560.01200000056996
*       0.13094336559447
GRID*               1073                0.062470828162510.01200000056996
*       0.09298218215079
GRID*               1074                0.062240115260930.01200000056996
*       0.09391846149213
GRID*               1075                0.088258793254560.01200000056996
*       0.13094336559447
GRID*               1076                0.062240115260930.01200000056996
*       0.09108154729489
GRID*               1077                0.062470828162510.01200000056996
*       0.09298218215079
GRID*               1078                0.088258793254560.01200000056996
*       0.13094336559447
GRID*               1079                0.058500002778600.01200000056996
*       0.09650000458350
GRID*               1080                0.028714478902920.01200000056996
*       0.13072852183427
GRID*               1081                0.088199955361140.01200000056996
*       0.13720581706380
GRID*               1082                0.028714478902920.01200000056996
*       0.13072852183427
GRID*               1083                0.028800050196050.01200000056996
*       0.13720581706380
GRID*               1084                0.028714478902920.01200000056996
*       0.13072852183427
GRID*               1085                0.088199955361140.01200000056996
*       0.13720581706380
GRID*               1086                0.088258793254560.01200000056996
*       0.13094336559447
GRID*               1087                0.062240115260930.01200000056996
*       0.09108154729489
GRID*               1088                0.088258793254560.01200000056996
*       0.13094336559447
GRID*               1089                0.088307865522520.01200000056996
*       0.05031543207735
GRID*               1090                0.093500004441010.01200000056996
*       0.13749976239026
GRID*               1091                0.093500004441010.01114526420124
*       0.1375000065309 
GRID*               1092                0.093500004441010.01100000052247
*       0.04250000201864
GRID*               1093                0.093500004441010.01200000056996
*       0.13749976239026
GRID*               1094                0.093500004441010.01100000052247
*       0.04250000201864
GRID*               1095                0.093500004441010.01200000056996
*       0.04250000201864
GRID*               1096                0.050099611754600.01100000052247
*       0.04250000201864
GRID*               1097                0.023500001116190.01100000052247
*       0.04250000201864
GRID*               1098                0.093500004441010.01200000056996
*       0.04250000201864
GRID*               1099                0.093500004441010.01200000056996
*       0.04250000201864
GRID*               1100                0.023500001116190.01100000052247
*       0.04250000201864
GRID*               1101                0.023500001116190.01200000056996
*       0.04250000201864
GRID*               1102                0.023500001116190.01200000056996
*       0.04250000201864
GRID*               1103                0.023500001116190.01100000052247
*       0.04250000201864
GRID*               1104                0.023500001116190.01123474174455
*       0.1375000065309 
GRID*               1105                0.023500001116190.01200000056996
*       0.04250000201864
GRID*               1106                0.023500001116190.01123474174455
*       0.1375000065309 
GRID*               1107                0.023500001116190.01200000056996
*       0.1375000065309 
GRID*               1108                0.059457278214690.01100000052247
*       0.09638379364048
GRID*               1109                0.057542727342500.01100000052247
*       0.09638379364048
GRID*               1110                0.058500002778600.01200000056996
*       0.09650000458350
GRID*               1111                0.059457278214690.01100000052247
*       0.09638379364048
GRID*               1112                0.058500002778600.01200000056996
*       0.09650000458350
GRID*               1113                0.060358889585640.01200000056996
*       0.09604187467893
GRID*               1114                0.061152468724890.01100000052247
*       0.09549402309041
GRID*               1115                0.060358889585640.01200000056996
*       0.09604187467893
GRID*               1116                0.061152468724890.01200000056996
*       0.09549402309041
GRID*               1117                0.061152468724890.01100000052247
*       0.09549402309041
GRID*               1118                0.059457278214690.01100000052247
*       0.09638379364048
GRID*               1119                0.060358889585640.01200000056996
*       0.09604187467893
GRID*               1120                0.061791995122460.01100000052247
*       0.09477222129831
GRID*               1121                0.061152468724890.01200000056996
*       0.09549402309041
GRID*               1122                0.062240115260930.01200000056996
*       0.09391846149213
GRID*               1123                0.061791995122460.01100000052247
*       0.09477222129831
GRID*               1124                0.061152468724890.01100000052247
*       0.09549402309041
GRID*               1125                0.061152468724890.01200000056996
*       0.09549402309041
GRID*               1126                0.062470828162510.01100000052247
*       0.09298218215079
GRID*               1127                0.062240115260930.01200000056996
*       0.09391846149213
GRID*               1128                0.062470828162510.01200000056996
*       0.09298218215079
GRID*               1129                0.062470828162510.01100000052247
*       0.09298218215079
GRID*               1130                0.061791995122460.01100000052247
*       0.09477222129831
GRID*               1131                0.062240115260930.01200000056996
*       0.09391846149213
GRID*               1132                0.062470828162510.01100000052247
*       0.09201782663623
GRID*               1133                0.062470828162510.01200000056996
*       0.09298218215079
GRID*               1134                0.062240115260930.01200000056996
*       0.09108154729489
GRID*               1135                0.062470828162510.01100000052247
*       0.09201782663623
GRID*               1136                0.062470828162510.01100000052247
*       0.09298218215079
GRID*               1137                0.062470828162510.01200000056996
*       0.09298218215079
GRID*               1138                0.061791995122460.01100000052247
*       0.09022778748871
GRID*               1139                0.062240115260930.01200000056996
*       0.09108154729489
GRID*               1140                0.061152468724890.01200000056996
*       0.08950598569661
GRID*               1141                0.061791995122460.01100000052247
*       0.09022778748871
GRID*               1142                0.062470828162510.01100000052247
*       0.09201782663623
GRID*               1143                0.062240115260930.01200000056996
*       0.09108154729489
GRID*               1144                0.060358889585640.01100000052247
*       0.08895813410809
GRID*               1145                0.061791995122460.01100000052247
*       0.09022778748871
GRID*               1146                0.061152468724890.01200000056996
*       0.08950598569661
GRID*               1147                0.060358889585640.01100000052247
*       0.08895813410809
GRID*               1148                0.061152468724890.01200000056996
*       0.08950598569661
GRID*               1149                0.060358889585640.01200000056996
*       0.08895813410809
GRID*               1150                0.058500002778600.01100000052247
*       0.08850000420352
GRID*               1151                0.060358889585640.01100000052247
*       0.08895813410809
GRID*               1152                0.060358889585640.01200000056996
*       0.08895813410809
GRID*               1153                0.058500002778600.01100000052247
*       0.08850000420352
GRID*               1154                0.060358889585640.01200000056996
*       0.08895813410809
GRID*               1155                0.058500002778600.01200000056996
*       0.08850000420352
GRID*               1156                0.058500002778600.01100000052247
*       0.08850000420352
GRID*               1157                0.058500002778600.01200000056996
*       0.08850000420352
GRID*               1158                0.057542727342500.01200000056996
*       0.08861621514654
GRID*               1159                0.056641115971550.01100000052247
*       0.08895813410809
GRID*               1160                0.058500002778600.01100000052247
*       0.08850000420352
GRID*               1161                0.057542727342500.01200000056996
*       0.08861621514654
GRID*               1162                0.056641115971550.01100000052247
*       0.08895813410809
GRID*               1163                0.057542727342500.01200000056996
*       0.08861621514654
GRID*               1164                0.055847536832300.01200000056996
*       0.08950598569661
GRID*               1165                0.055208010434740.01100000052247
*       0.09022778748871
GRID*               1166                0.055847536832300.01200000056996
*       0.08950598569661
GRID*               1167                0.055208010434740.01200000056996
*       0.09022778748871
GRID*               1168                0.055208010434740.01100000052247
*       0.09022778748871
GRID*               1169                0.056641115971550.01100000052247
*       0.08895813410809
GRID*               1170                0.055847536832300.01200000056996
*       0.08950598569661
GRID*               1171                0.054529177394680.01100000052247
*       0.09201782663623
GRID*               1172                0.055208010434740.01200000056996
*       0.09022778748871
GRID*               1173                0.054529177394680.01200000056996
*       0.09201782663623
GRID*               1174                0.054529177394680.01100000052247
*       0.09201782663623
GRID*               1175                0.055208010434740.01100000052247
*       0.09022778748871
GRID*               1176                0.055208010434740.01200000056996
*       0.09022778748871
GRID*               1177                0.054529177394680.01100000052247
*       0.09201782663623
GRID*               1178                0.054529177394680.01200000056996
*       0.09201782663623
GRID*               1179                0.054529177394680.01200000056996
*       0.09298218215079
GRID*               1180                0.054759890296260.01100000052247
*       0.09391846149213
GRID*               1181                0.054529177394680.01200000056996
*       0.09298218215079
GRID*               1182                0.055208010434740.01200000056996
*       0.09477222129831
GRID*               1183                0.054759890296260.01100000052247
*       0.09391846149213
GRID*               1184                0.054529177394680.01100000052247
*       0.09201782663623
GRID*               1185                0.054529177394680.01200000056996
*       0.09298218215079
GRID*               1186                0.055847536832300.01100000052247
*       0.09549402309041
GRID*               1187                0.055208010434740.01200000056996
*       0.09477222129831
GRID*               1188                0.055847536832300.01200000056996
*       0.09549402309041
GRID*               1189                0.055847536832300.01100000052247
*       0.09549402309041
GRID*               1190                0.055847536832300.01200000056996
*       0.09549402309041
GRID*               1191                0.057542727342500.01200000056996
*       0.09638379364048
GRID*               1192                0.055847536832300.01100000052247
*       0.09549402309041
GRID*               1193                0.054759890296260.01100000052247
*       0.09391846149213
GRID*               1194                0.055208010434740.01200000056996
*       0.09477222129831
GRID*               1195                0.057542727342500.01100000052247
*       0.09638379364048
GRID*               1196                0.055847536832300.01100000052247
*       0.09549402309041
GRID*               1197                0.057542727342500.01200000056996
*       0.09638379364048
GRID*               1198                0.057542727342500.01100000052247
*       0.09638379364048
GRID*               1199                0.057542727342500.01200000056996
*       0.09638379364048
GRID*               1200                0.058500002778600.01200000056996
*       0.09650000458350
GRID*               1201                0.028692140034670.01100000052247
*       0.05031543207735
GRID*               1202                0.056641115971550.01100000052247
*       0.08895813410809
GRID*               1203                0.055208010434740.01100000052247
*       0.09022778748871
GRID*               1204                0.028692140034670.01100000052247
*       0.05031543207735
GRID*               1205                0.055208010434740.01100000052247
*       0.09022778748871
GRID*               1206                0.054529177394680.01100000052247
*       0.09201782663623
GRID*               1207                0.088307865522520.01100000052247
*       0.05031543207735
GRID*               1208                0.058500002778600.01100000052247
*       0.08850000420352
GRID*               1209                0.088199955361140.01100000052247
*       0.04770935285201
GRID*               1210                0.028692140034670.01100000052247
*       0.05031543207735
GRID*               1211                0.028800050196050.01100000052247
*       0.04770935285201
GRID*               1212                0.058500002778600.01100000052247
*       0.08850000420352
GRID*               1213                0.058500002778600.01100000052247
*       0.08850000420352
GRID*               1214                0.028800050196050.01100000052247
*       0.04770935285201
GRID*               1215                0.088199955361140.01100000052247
*       0.04770935285201
GRID*               1216                0.050099611754600.01100000052247
*       0.04250000201864
GRID*               1217                0.093500004441010.01200000056996
*       0.04250000201864
GRID*               1218                0.093500004441010.01100000052247
*       0.04250000201864
CTRIA3         1       1       1       2       3
CTRIA3         2       1       4       5       6
CTRIA3         3       1       7       8       9
CTRIA3         4       1      10      11      12
CTRIA3         5       1      13      14      15
CTRIA3         6       1      16      17      18
CTRIA3         7       1      19      20      21
CTRIA3         8       1      22      23      24
CTRIA3         9       1      25      26      27
CTRIA3        10       1      28      29      30
CTRIA3        11       1      31      32      33
CTRIA3        12       1      34      35      36
CTRIA3        13       1      37      38      39
CTRIA3        14       1      40      41      42
CTRIA3        15       1      43      44      45
CTRIA3        16       1      46      47      48
CTRIA3        17       1      49      50      51
CTRIA3        18       1      52      53      54
CTRIA3        19       1      55      56      57
CTRIA3        20       1      58      59      60
CTRIA3        21       1      61      62      63
CTRIA3        22       1      64      65      66
CTRIA3        23       1      67      68      69
CTRIA3        24       1      70      71      72
CTRIA3        25       1      73      74      75
CTRIA3        26       1      76      77      78
CTRIA3        27       1      79      80      81
CTRIA3        28       1      82      83      84
CTRIA3        29       1      85      86      87
CTRIA3        30       1      88      89      90
CTRIA3        31       1      91      92      93
CTRIA3        32       1      94      95      96
CTRIA3        33       1      97      98      99
CTRIA3        34       1     100     101     102
CTRIA3        35       1     103     104     105
CTRIA3        36       1     106     107     108
CTRIA3        37       1     109     110     111
CTRIA3        38       1     112     113     114
CTRIA3        39       1     115     116     117
CTRIA3        40       1     118     119     120
CTRIA3        41       1     121     122     123
CTRIA3        42       1     124     125     126
CTRIA3        43       1     127     128     129
CTRIA3        44       1     130     131     132
CTRIA3        45       1     133     134     135
CTRIA3        46       1     136     137     138
CTRIA3        47       1     139     140     141
CTRIA3        48       1     142     143     144
CTRIA3        49       1     145     146     147
CTRIA3        50       1     148     149     150
CTRIA3        51       1     151     152     153
CTRIA3        52       1     154     155     156
CTRIA3        53       1     157     158     159
CTRIA3        54       1     160     161     162
CTRIA3        55       1     163     164     165
CTRIA3        56       1     166     167     168
CTRIA3        57       1     169     170     171
CTRIA3        58       1     172     173     174
CTRIA3        59       1     175     176     177
CTRIA3        60       1     178     179     180
CTRIA3        61       1     181     182     183
CTRIA3        62       1     184     185     186
CTRIA3        63       1     187     188     189
CTRIA3        64       1     190     191     192
CTRIA3        65       1     193     194     195
CTRIA3        66       1     196     197     198
CTRIA3        67       1     199     200     201
CTRIA3        68       1     202     203     204
CTRIA3        69       1     205     206     207
CTRIA3        70       1     208     209     210
CTRIA3        71       1     211     212     213
CTRIA3        72       1     214     215     216
CTRIA3        73       1     217     218     219
CTRIA3        74       1     220     221     222
CTRIA3        75       1     223     224     225
CTRIA3        76       1     226     227     228
CTRIA3        77       1     229     230     231
CTRIA3        78       1     232     233     234
CTRIA3        79       1     235     236     237
CTRIA3        80       1     238     239     240
CTRIA3        81       1     241     242     243
CTRIA3        82       1     244     245     246
CTRIA3        83       1     247     248     249
CTRIA3        84       1     250     251     252
CTRIA3        85       1     253     254     255
CTRIA3        86       1     256     257     258
CTRIA3        87       1     259     260     261
CTRIA3        88       1     262     263     264
CTRIA3        89       1     265     266     267
CTRIA3        90       1     268     269     270
CTRIA3        91       1     271     272     273
CTRIA3        92       1     274     275     276
CTRIA3        93       1     277     278     279
CTRIA3        94       1     280     281     282
CTRIA3        95       1     283     284     285
CTRIA3        96       1     286     287     288
CTRIA3        97       1     289     290     291
CTRIA3        98       1     292     293     294
CTRIA3        99       1     295     296     297
CTRIA3       100       1     298     299     300
CTRIA3       101       1     301     302     303
CTRIA3       102       1     304     305     306
CTRIA3       103       1     307     308     309
CTRIA3       104       1     310     311     312
CTRIA3       105       1     313     314     315
CTRIA3       106       1     316     317     318
CTRIA3       107       1     319     320     321
CTRIA3       108       1     322     323     324
CTRIA3       109       1     325     326     327
CTRIA3       110       1     328     329     330
CTRIA3       111       1     331     332     333
CTRIA3       112       1     334     335     336
CTRIA3       113       1     337     338     339
CTRIA3       114       1     340     341     342
CTRIA3       115       1     343     344     345
CTRIA3       116       1     346     347     348
CTRIA3       117       1     349     350     351
CTRIA3       118       1     352     353     354
CTRIA3       119       1     355     356     357
CTRIA3       120       1     358     359     360
CTRIA3       121       1     361     362     363
CTRIA3       122       1     364     365     366
CTRIA3       123       1     367     368     369
CTRIA3       124       1     370     371     372
CTRIA3       125       1     373     374     375
CTRIA3       126       1     376     377     378
CTRIA3       127       1     379     380     381
CTRIA3       128       1     382     383     384
CTRIA3       129       1     385     386     387
CTRIA3       130       1     388     389     390
CTRIA3       131       1     391     392     393
CTRIA3       132       1     394     395     396
CTRIA3       133       1     397     398     399
CTRIA3       134       1     400     401     402
CTRIA3       135       1     403     404     405
CTRIA3       136       1     406     407     408
CTRIA3       137       1     409     410     411
CTRIA3       138       1     412     413     414
CTRIA3       139       1     415     416     417
CTRIA3       140       1     418     419     420
CTRIA3       141       1     421     422     423
CTRIA3       142       1     424     425     426
CTRIA3       143       2     427     428     429
CTRIA3       144       2     430     431     432
CTRIA3       145       2     433     434     435
CTRIA3       146       2     436     437     438
CTRIA3       147       2     439     440     441
CTRIA3       148       2     442     443     444
CTRIA3       149       2     445     446     447
CTRIA3       150       2     448     449     450
CTRIA3       151       2     451     452     453
CTRIA3       152       2     454     455     456
CTRIA3       153       2     457     458     459
CTRIA3       154       2     460     461     462
CTRIA3       155       2     463     464     465
CTRIA3       156       2     466     467     468
CTRIA3       157       2     469     470     471
CTRIA3       158       2     472     473     474
CTRIA3       159       2     475     476     477
CTRIA3       160       2     478     479     480
CTRIA3       161       2     481     482     483
CTRIA3       162       2     484     485     486
CTRIA3       163       2     487     488     489
CTRIA3       164       2     490     491     492
CTRIA3       165       2     493     494     495
CTRIA3       166       2     496     497     498
CTRIA3       167       2     499     500     501
CTRIA3       168       2     502     503     504
CTRIA3       169       2     505     506     507
CTRIA3       170       2     508     509     510
CTRIA3       171       2     511     512     513
CTRIA3       172       2     514     515     516
CTRIA3       173       2     517     518     519
CTRIA3       174       2     520     521     522
CTRIA3       175       2     523     524     525
CTRIA3       176       2     526     527     528
CTRIA3       177       2     529     530     531
CTRIA3       178       2     532     533     534
CTRIA3       179       2     535     536     537
CTRIA3       180       2     538     539     540
CTRIA3       181       2     541     542     543
CTRIA3       182       2     544     545     546
CTRIA3       183       2     547     548     549
CTRIA3       184       2     550     551     552
CTRIA3       185       2     553     554     555
CTRIA3       186       2     556     557     558
CTRIA3       187       2     559     560     561
CTRIA3       188       2     562     563     564
CTRIA3       189       2     565     566     567
CTRIA3       190       2     568     569     570
CTRIA3       191       2     571     572     573
CTRIA3       192       2     574     575     576
CTRIA3       193       2     577     578     579
CTRIA3       194       2     580     581     582
CTRIA3       195       2     583     584     585
CTRIA3       196       2     586     587     588
CTRIA3       197       2     589     590     591
CTRIA3       198       2     592     593     594
CTRIA3       199       2     595     596     597
CTRIA3       200       2     598     599     600
CTRIA3       201       2     601     602     603
CTRIA3       202       2     604     605     606
CTRIA3       203       2     607     608     609
CTRIA3       204       2     610     611     612
CTRIA3       205       2     613     614     615
CTRIA3       206       2     616     617     618
CTRIA3       207       2     619     620     621
CTRIA3       208       2     622     623     624
CTRIA3       209       2     625     626     627
CTRIA3       210       2     628     629     630
CTRIA3       211       2     631     632     633
CTRIA3       212       2     634     635     636
CTRIA3       213       2     637     638     639
CTRIA3       214       2     640     641     642
CTRIA3       215       2     643     644     645
CTRIA3       216       2     646     647     648
CTRIA3       217       2     649     650     651
CTRIA3       218       2     652     653     654
CTRIA3       219       2     655     656     657
CTRIA3       220       2     658     659     660
CTRIA3       221       2     661     662     663
CTRIA3       222       2     664     665     666
CTRIA3       223       2     667     668     669
CTRIA3       224       3     670     671     672
CTRIA3       225       3     673     674     675
CTRIA3       226       3     676     677     678
CTRIA3       227       3     679     680     681
CTRIA3       228       3     682     683     684
CTRIA3       229       3     685     686     687
CTRIA3       230       3     688     689     690
CTRIA3       231       3     691     692     693
CTRIA3       232       3     694     695     696
CTRIA3       233       3     697     698     699
CTRIA3       234       3     700     701     702
CTRIA3       235       3     703     704     705
CTRIA3       236       4     706     707     708
CTRIA3       237       4     709     710     711
CTRIA3       238       4     712     713     714
CTRIA3       239       4     715     716     717
CTRIA3       240       4     718     719     720
CTRIA3       241       4     721     722     723
CTRIA3       242       4     724     725     726
CTRIA3       243       4     727     728     729
CTRIA3       244       4     730     731     732
CTRIA3       245       4     733     734     735
CTRIA3       246       4     736     737     738
CTRIA3       247       4     739     740     741
CTRIA3       248       4     742     743     744
CTRIA3       249       4     745     746     747
CTRIA3       250       4     748     749     750
CTRIA3       251       4     751     752     753
CTRIA3       252       4     754     755     756
CTRIA3       253       4     757     758     759
CTRIA3       254       4     760     761     762
CTRIA3       255       4     763     764     765
CTRIA3       256       4     766     767     768
CTRIA3       257       4     769     770     771
CTRIA3       258       4     772     773     774
CTRIA3       259       4     775     776     777
CTRIA3       260       4     778     779     780
CTRIA3       261       4     781     782     783
CTRIA3       262       4     784     785     786
CTRIA3       263       4     787     788     789
CTRIA3       264       4     790     791     792
CTRIA3       265       4     793     794     795
CTRIA3       266       4     796     797     798
CTRIA3       267       4     799     800     801
CTRIA3       268       4     802     803     804
CTRIA3       269       4     805     806     807
CTRIA3       270       4     808     809     810
CTRIA3       271       4     811     812     813
CTRIA3       272       4     814     815     816
CTRIA3       273       4     817     818     819
CTRIA3       274       4     820     821     822
CTRIA3       275       4     823     824     825
CTRIA3       276       4     826     827     828
CTRIA3       277       4     829     830     831
CTRIA3       278       4     832     833     834
CTRIA3       279       4     835     836     837
CTRIA3       280       4     838     839     840
CTRIA3       281       4     841     842     843
CTRIA3       282       4     844     845     846
CTRIA3       283       4     847     848     849
CTRIA3       284       4     850     851     852
CTRIA3       285       4     853     854     855
CTRIA3       286       4     856     857     858
CTRIA3       287       4     859     860     861
CTRIA3       288       4     862     863     864
CTRIA3       289       4     865     866     867
CTRIA3       290       4     868     869     870
CTRIA3       291       4     871     872     873
CTRIA3       292       4     874     875     876
CTRIA3       293       4     877     878     879
CTRIA3       294       4     880     881     882
CTRIA3       295       4     883     884     885
CTRIA3       296       4     886     887     888
CTRIA3       297       4     889     890     891
CTRIA3       298       4     892     893     894
CTRIA3       299       4     895     896     897
CTRIA3       300       4     898     899     900
CTRIA3       301       4     901     902     903
CTRIA3       302       4     904     905     906
CTRIA3       303       4     907     908     909
CTRIA3       304       4     910     911     912
CTRIA3       305       4     913     914     915
CTRIA3       306       4     916     917     918
CTRIA3       307       4     919     920     921
CTRIA3       308       4     922     923     924
CTRIA3       309       4     925     926     927
CTRIA3       310       4     928     929     930
CTRIA3       311       4     931     932     933
CTRIA3       312       4     934     935     936
CTRIA3       313       4     937     938     939
CTRIA3       314       4     940     941     942
CTRIA3       315       4     943     944     945
CTRIA3       316       4     946     947     948
CTRIA3       317       4     949     950     951
CTRIA3       318       4     952     953     954
CTRIA3       319       4     955     956     957
CTRIA3       320       4     958     959     960
CTRIA3       321       5     961     962     963
CTRIA3       322       5     964     965     966
CTRIA3       323       5     967     968     969
CTRIA3       324       5     970     971     972
CTRIA3       325       5     973     974     975
CTRIA3       326       5     976     977     978
CTRIA3       327       5     979     980     981
CTRIA3       328       5     982     983     984
CTRIA3       329       5     985     986     987
CTRIA3       330       5     988     989     990
CTRIA3       331       5     991     992     993
CTRIA3       332       5     994     995     996
CTRIA3       333       5     997     998     999
CTRIA3       334       5    1000    1001    1002
CTRIA3       335       5    1003    1004    1005
CTRIA3       336       5    1006    1007    1008
CTRIA3       337       5    1009    1010    1011
CTRIA3       338       5    1012    1013    1014
CTRIA3       339       5    1015    1016    1017
CTRIA3       340       5    1018    1019    1020
CTRIA3       341       5    1021    1022    1023
CTRIA3       342       5    1024    1025    1026
CTRIA3       343       5    1027    1028    1029
CTRIA3       344       5    1030    1031    1032
CTRIA3       345       5    1033    1034    1035
CTRIA3       346       5    1036    1037    1038
CTRIA3       347       5    1039    1040    1041
CTRIA3       348       5    1042    1043    1044
CTRIA3       349       5    1045    1046    1047
CTRIA3       350       5    1048    1049    1050
CTRIA3       351       5    1051    1052    1053
CTRIA3       352       5    1054    1055    1056
CTRIA3       353       5    1057    1058    1059
CTRIA3       354       5    1060    1061    1062
CTRIA3       355       5    1063    1064    1065
CTRIA3       356       5    1066    1067    1068
CTRIA3       357       5    1069    1070    1071
CTRIA3       358       5    1072    1073    1074
CTRIA3       359       5    1075    1076    1077
CTRIA3       360       5    1078    1079    1080
CTRIA3       361       5    1081    1082    1083
CTRIA3       362       5    1084    1085    1086
CTRIA3       363       5    1087    1088    1089
CTRIA3       364       5    1090    1091    1092
CTRIA3       365       5    1093    1094    1095
CTRIA3       366       5    1096    1097    1098
CTRIA3       367       5    1099    1100    1101
CTRIA3       368       5    1102    1103    1104
CTRIA3       369       5    1105    1106    1107
CTRIA3       370       5    1108    1109    1110
CTRIA3       371       5    1111    1112    1113
CTRIA3       372       5    1114    1115    1116
CTRIA3       373       5    1117    1118    1119
CTRIA3       374       5    1120    1121    1122
CTRIA3       375       5    1123    1124    1125
CTRIA3       376       5    1126    1127    1128
CTRIA3       377       5    1129    1130    1131
CTRIA3       378       5    1132    1133    1134
CTRIA3       379       5    1135    1136    1137
CTRIA3       380       5    1138    1139    1140
CTRIA3       381       5    1141    1142    1143
CTRIA3       382       5    1144    1145    1146
CTRIA3       383       5    1147    1148    1149
CTRIA3       384       5    1150    1151    1152
CTRIA3       385       5    1153    1154    1155
CTRIA3       386       5    1156    1157    1158
CTRIA3       387       5    1159    1160    1161
CTRIA3       388       5    1162    1163    1164
CTRIA3       389       5    1165    1166    1167
CTRIA3       390       5    1168    1169    1170
CTRIA3       391       5    1171    1172    1173
CTRIA3       392       5    1174    1175    1176
CTRIA3       393       5    1177    1178    1179
CTRIA3       394       5    1180    1181    1182
CTRIA3       395       5    1183    1184    1185
CTRIA3       396       5    1186    1187    1188
CTRIA3       397       5    1189    1190    1191
CTRIA3       398       5    1192    1193    1194
CTRIA3       399       5    1195    1196    1197
CTRIA3       400       5    1198    1199    1200
CTRIA3       401       5    1201    1202    1203
CTRIA3       402       5    1204    1205    1206
CTRIA3       403       5    1207    1208    1209
CTRIA3       404       5    1210    1211    1212
CTRIA3       405       5    1213    1214    1215
CTRIA3       406       5    1216    1217    1218
PSHELL         1               1
PSHELL         2               1
PSHELL         3               1
PSHELL         4               1
PSHELL         5               1
$ MERGE_COMMENT_TEXT;these are the input files belonging to the part IDs:
$ MERGE_COMMENT_PID;1;META_4+++META_4+++Spacer_+++__solid_1+++__solid_1
$ MERGE_COMMENT_PID;2;META_2+++META_2+++Plate_1+++__solid_1+++__solid_1
$ MERGE_COMMENT_PID;3;META_1+++META_1+++Plate_4+++__solid_1+++__solid_1
$ MERGE_COMMENT_PID;4;META_5+++META_5+++Plate_3+++__solid_1+++__solid_1
$ MERGE_COMMENT_PID;5;META_3+++META_3+++Plate_2+++__solid_1+++__solid_1
ENDDATA
